application_id,candidate_id,submission_date,status,approval_date,enrollment_confirmation,preferred_start_date,preferred_duration_weeks,weekly_hours_commitment
1,352,01-11-2023,Approved,,FALSE,15-08-2025,8,10
2,658,06-06-2023,Approved,,FALSE,16-02-2026,8,40
3,900,19-08-2023,Approved,,FALSE,30-05-2025,8,20
4,83,30-06-2023,Approved,02-02-2024,TRUE,09-08-2024,16,20
5,664,22-02-2024,Approved,10-04-2024,TRUE,19-01-2025,12,40
6,952,18-03-2024,Rejected,07-01-2024,FALSE,22-10-2024,16,10
7,140,18-12-2023,Approved,07-04-2024,TRUE,23-07-2025,16,40
8,540,30-10-2023,Rejected,22-02-2024,TRUE,08-04-2025,12,20
9,1162,19-04-2023,Rejected,23-03-2024,TRUE,02-05-2025,16,40
10,1081,05-03-2024,Approved,27-11-2023,TRUE,23-08-2024,4,40
11,338,10-12-2023,Approved,01-04-2024,FALSE,14-06-2024,52,10
12,1040,15-10-2023,Approved,,FALSE,09-09-2025,8,10
13,699,25-11-2023,Approved,,FALSE,10-04-2026,4,30
14,218,08-12-2023,Approved,,FALSE,02-10-2025,12,20
15,653,05-04-2024,Rejected,,FALSE,15-10-2024,4,20
16,996,15-06-2023,Approved,03-04-2024,TRUE,05-07-2025,12,20
17,167,10-05-2023,Approved,26-11-2023,FALSE,15-08-2025,16,30
18,356,12-11-2023,Submitted,26-12-2023,FALSE,15-03-2026,52,10
19,1127,10-07-2023,Submitted,,FALSE,31-07-2024,4,10
20,426,27-02-2024,Submitted,,FALSE,09-12-2025,12,40
21,344,09-09-2023,Approved,,FALSE,04-09-2024,16,20
22,50,24-05-2023,Approved,08-04-2024,FALSE,15-12-2024,52,10
23,863,28-12-2023,Approved,,FALSE,18-09-2025,4,20
24,245,06-12-2023,Approved,03-04-2024,FALSE,27-09-2024,16,20
25,1069,29-10-2023,Approved,22-10-2023,FALSE,11-06-2024,52,20
26,662,09-06-2023,Rejected,,FALSE,14-04-2025,52,10
27,456,29-03-2024,Approved,,FALSE,14-02-2025,4,40
28,291,30-10-2023,Rejected,27-12-2023,TRUE,15-12-2025,16,10
29,187,31-07-2023,Approved,25-03-2024,FALSE,21-01-2025,4,10
30,888,28-01-2024,Approved,,FALSE,09-01-2025,8,40
31,825,15-05-2023,Rejected,29-10-2023,FALSE,06-03-2025,52,10
32,196,12-09-2023,Submitted,04-03-2024,FALSE,09-03-2026,16,20
33,918,02-06-2023,Approved,28-02-2024,FALSE,08-12-2024,4,10
34,148,14-01-2024,Approved,26-03-2024,FALSE,06-04-2025,52,40
35,298,03-12-2023,Approved,16-10-2023,FALSE,01-12-2025,4,20
36,205,10-03-2024,Approved,,FALSE,05-02-2025,24,20
37,1165,26-11-2023,Submitted,02-07-2023,FALSE,19-04-2024,12,10
38,1124,26-01-2024,Approved,24-07-2023,TRUE,14-04-2024,12,20
39,974,09-02-2024,Approved,14-10-2023,FALSE,01-12-2025,24,30
40,585,19-06-2023,Approved,,FALSE,29-03-2025,52,20
41,206,07-12-2023,Approved,11-08-2023,TRUE,17-05-2024,8,10
42,651,27-08-2023,Approved,,FALSE,09-02-2025,12,30
43,228,08-03-2024,Approved,,FALSE,18-06-2024,12,10
44,337,09-01-2024,Approved,20-07-2023,TRUE,30-10-2025,12,20
45,423,28-05-2023,Approved,05-01-2024,TRUE,12-06-2024,4,40
46,1087,16-05-2023,Approved,04-04-2024,FALSE,24-02-2026,4,10
47,483,25-12-2023,Approved,07-04-2024,FALSE,07-05-2024,4,20
48,984,22-04-2023,Approved,14-08-2023,TRUE,01-04-2025,12,30
49,659,17-04-2023,Submitted,10-10-2023,TRUE,03-06-2024,8,30
50,363,02-09-2023,Approved,,FALSE,02-11-2024,16,40
51,756,19-07-2023,Approved,09-08-2023,TRUE,28-06-2024,8,40
52,746,13-05-2023,Approved,21-01-2024,TRUE,10-09-2024,52,40
53,169,16-10-2023,Approved,,FALSE,25-04-2024,12,30
54,714,19-06-2023,Approved,28-03-2024,FALSE,07-06-2025,24,10
55,115,03-03-2024,Approved,,FALSE,08-09-2025,8,30
56,54,31-12-2023,Approved,29-01-2024,TRUE,29-08-2024,12,20
57,445,13-07-2023,Approved,24-11-2023,TRUE,24-10-2025,4,10
58,414,15-09-2023,Rejected,,FALSE,21-05-2024,12,20
59,687,29-04-2023,Rejected,,FALSE,28-02-2025,12,20
60,1163,27-08-2023,Approved,,FALSE,24-09-2025,12,30
61,1113,31-01-2024,Approved,,FALSE,16-07-2024,16,40
62,1079,28-12-2023,Approved,05-04-2024,TRUE,18-10-2025,24,30
63,670,28-11-2023,Approved,15-03-2024,FALSE,29-06-2024,4,40
64,128,25-08-2023,Approved,,FALSE,13-02-2025,8,30
65,707,30-09-2023,Rejected,25-03-2024,TRUE,03-08-2024,16,10
66,841,17-12-2023,Approved,17-03-2024,TRUE,25-12-2024,8,40
67,213,25-06-2023,Submitted,21-02-2024,TRUE,12-06-2025,8,30
68,898,02-02-2024,Submitted,29-02-2024,FALSE,08-07-2025,8,30
69,504,03-01-2024,Approved,02-02-2024,FALSE,11-09-2024,52,30
70,220,28-11-2023,Approved,02-01-2024,TRUE,26-04-2025,24,40
71,480,30-08-2023,Approved,,FALSE,08-06-2025,16,40
72,130,06-03-2024,Approved,06-01-2024,FALSE,08-09-2024,24,40
73,175,09-11-2023,Approved,02-04-2024,FALSE,22-09-2024,52,30
74,248,13-08-2023,Submitted,06-04-2024,TRUE,05-09-2025,24,40
75,112,04-07-2023,Approved,02-09-2023,FALSE,19-10-2024,52,30
76,798,27-03-2024,Submitted,30-11-2023,TRUE,23-10-2024,16,30
77,59,22-12-2023,Rejected,19-12-2023,FALSE,19-12-2025,4,20
78,118,09-12-2023,Submitted,06-11-2023,TRUE,21-07-2024,4,10
79,98,12-10-2023,Rejected,27-03-2024,TRUE,04-07-2025,12,40
80,329,02-10-2023,Approved,12-07-2023,FALSE,19-08-2025,16,30
81,634,19-05-2023,Approved,21-03-2024,TRUE,31-03-2026,8,10
82,343,26-07-2023,Rejected,,FALSE,16-09-2024,16,30
83,966,11-08-2023,Approved,07-03-2024,TRUE,18-04-2024,52,10
84,680,01-08-2023,Approved,,FALSE,09-05-2025,4,20
85,997,29-03-2024,Approved,30-03-2024,TRUE,21-04-2025,8,20
86,133,25-10-2023,Approved,,FALSE,29-09-2024,8,40
87,724,27-02-2024,Rejected,27-02-2024,TRUE,06-06-2024,52,40
88,696,26-03-2024,Approved,,FALSE,03-01-2025,12,20
89,174,03-10-2023,Approved,28-01-2024,FALSE,05-01-2025,52,30
90,479,20-10-2023,Approved,,FALSE,04-01-2026,24,10
91,364,13-08-2023,Approved,26-02-2024,FALSE,03-01-2025,4,10
92,934,13-05-2023,Approved,16-02-2024,TRUE,05-10-2024,8,10
93,204,27-06-2023,Approved,05-06-2023,TRUE,11-10-2024,24,20
94,1068,13-04-2023,Approved,,FALSE,24-04-2024,24,20
95,1002,28-05-2023,Approved,10-10-2023,TRUE,24-10-2024,24,40
96,626,28-06-2023,Approved,,FALSE,22-11-2025,24,40
97,65,02-11-2023,Approved,11-08-2023,TRUE,07-03-2026,16,30
98,539,03-01-2024,Approved,13-02-2024,FALSE,29-10-2024,8,20
99,153,13-03-2024,Approved,,FALSE,11-02-2026,52,20
100,808,04-08-2023,Approved,,FALSE,19-11-2025,12,10
101,346,30-05-2023,Rejected,30-03-2024,FALSE,13-05-2025,4,40
102,95,14-10-2023,Approved,,FALSE,27-05-2024,4,30
103,817,05-01-2024,Approved,10-02-2024,FALSE,11-11-2024,12,30
104,323,04-04-2024,Approved,,FALSE,01-11-2025,52,40
105,785,04-04-2024,Approved,14-12-2023,FALSE,07-12-2024,16,10
106,824,04-04-2024,Rejected,09-11-2023,FALSE,22-03-2025,24,10
107,113,20-12-2023,Approved,24-03-2024,TRUE,16-04-2024,12,40
108,132,21-06-2023,Approved,,FALSE,07-05-2025,8,30
109,184,27-08-2023,Rejected,,FALSE,05-10-2025,12,20
110,185,05-07-2023,Approved,01-04-2024,TRUE,17-06-2024,24,10
111,883,24-08-2023,Submitted,07-03-2024,TRUE,26-04-2024,24,20
112,607,15-11-2023,Submitted,27-12-2023,TRUE,06-12-2024,16,30
113,404,01-02-2024,Approved,10-07-2023,TRUE,23-12-2025,4,30
114,127,06-04-2024,Approved,,FALSE,06-01-2025,4,30
115,1049,20-03-2024,Submitted,,FALSE,14-02-2025,12,40
116,803,14-03-2024,Submitted,12-01-2024,FALSE,02-08-2024,8,10
117,1043,11-05-2023,Approved,,FALSE,13-10-2024,8,30
118,801,17-12-2023,Approved,27-01-2024,TRUE,07-07-2024,4,30
119,241,22-09-2023,Approved,14-01-2024,TRUE,25-04-2025,4,10
120,358,15-03-2024,Approved,08-09-2023,TRUE,21-11-2025,24,40
121,772,05-01-2024,Approved,,FALSE,14-06-2024,16,40
122,557,20-02-2024,Rejected,03-03-2024,TRUE,13-10-2024,4,40
123,914,29-01-2024,Approved,01-04-2024,FALSE,03-10-2024,16,10
124,172,18-11-2023,Approved,05-01-2024,FALSE,07-05-2025,12,30
125,235,04-05-2023,Submitted,29-12-2023,TRUE,08-03-2026,24,20
126,215,06-12-2023,Approved,05-03-2024,TRUE,07-04-2026,52,40
127,512,03-12-2023,Approved,06-03-2024,TRUE,17-09-2025,24,10
128,891,05-02-2024,Approved,30-09-2023,TRUE,17-02-2025,52,30
129,26,18-09-2023,Submitted,20-02-2024,TRUE,16-06-2024,12,40
130,763,20-11-2023,Approved,01-12-2023,TRUE,19-03-2026,16,10
131,501,30-06-2023,Approved,25-01-2024,FALSE,12-07-2025,4,20
132,61,18-02-2024,Approved,23-03-2024,TRUE,01-02-2026,16,30
133,381,22-11-2023,Approved,,FALSE,28-09-2025,8,10
134,979,08-02-2024,Approved,12-07-2023,TRUE,29-07-2024,52,10
135,227,01-12-2023,Approved,11-04-2024,FALSE,17-07-2025,16,10
136,574,28-02-2024,Approved,20-02-2024,TRUE,12-08-2025,8,10
137,768,10-02-2024,Approved,,FALSE,09-07-2024,16,40
138,354,14-06-2023,Approved,13-03-2024,TRUE,03-11-2024,24,30
139,434,28-05-2023,Approved,11-04-2024,TRUE,30-05-2025,16,20
140,1142,01-05-2023,Rejected,28-03-2024,TRUE,09-08-2024,52,20
141,437,24-08-2023,Approved,24-03-2024,TRUE,28-11-2025,12,30
142,1037,22-07-2023,Approved,10-06-2023,TRUE,12-01-2025,12,30
143,78,25-02-2024,Approved,11-10-2023,FALSE,24-10-2025,24,40
144,880,29-05-2023,Rejected,,FALSE,28-07-2024,52,30
145,1010,28-05-2023,Approved,25-05-2023,FALSE,30-05-2024,24,20
146,20,01-12-2023,Approved,25-03-2024,TRUE,24-12-2024,24,20
147,355,29-12-2023,Rejected,,FALSE,28-10-2025,24,40
148,318,13-01-2024,Approved,22-10-2023,FALSE,19-01-2026,16,40
149,957,05-01-2024,Rejected,28-12-2023,TRUE,17-12-2025,12,10
150,839,24-06-2023,Submitted,05-02-2024,TRUE,19-02-2026,52,20
151,1104,20-02-2024,Submitted,09-04-2024,FALSE,02-09-2024,16,30
152,1033,08-12-2023,Approved,28-03-2024,FALSE,07-09-2024,4,10
153,182,18-01-2024,Approved,15-03-2024,FALSE,05-05-2024,12,20
154,920,26-03-2024,Rejected,18-03-2024,TRUE,24-12-2024,52,30
155,260,28-04-2023,Approved,01-01-2024,TRUE,27-11-2024,12,40
156,84,09-05-2023,Approved,26-03-2024,FALSE,26-02-2026,4,40
157,207,02-09-2023,Rejected,12-12-2023,TRUE,05-07-2025,16,20
158,299,24-11-2023,Rejected,02-03-2024,FALSE,29-06-2025,12,10
159,247,15-12-2023,Approved,,FALSE,03-02-2026,52,20
160,1110,13-06-2023,Approved,05-03-2024,FALSE,25-03-2026,24,30
161,835,06-04-2024,Approved,27-12-2023,TRUE,15-12-2024,8,40
162,511,29-03-2024,Approved,04-03-2024,FALSE,10-06-2024,24,20
163,627,24-11-2023,Approved,,FALSE,20-04-2024,52,30
164,675,01-01-2024,Approved,10-01-2024,TRUE,28-08-2024,8,20
165,1055,17-09-2023,Approved,,FALSE,15-11-2025,52,40
166,422,27-05-2023,Approved,27-02-2024,FALSE,20-06-2025,52,40
167,160,22-09-2023,Approved,,FALSE,08-03-2025,16,10
168,229,25-01-2024,Approved,03-04-2024,TRUE,25-11-2024,16,10
169,832,29-10-2023,Approved,31-01-2024,TRUE,18-01-2026,16,10
170,168,29-11-2023,Approved,,FALSE,06-02-2026,12,20
171,527,10-08-2023,Submitted,,FALSE,30-08-2024,52,10
172,44,11-08-2023,Submitted,09-01-2024,FALSE,23-08-2025,52,20
173,17,21-04-2023,Approved,10-02-2024,TRUE,18-05-2025,8,10
174,784,03-02-2024,Approved,,FALSE,10-12-2025,8,20
175,685,13-08-2023,Approved,,FALSE,12-07-2024,16,20
176,35,05-11-2023,Approved,,FALSE,15-10-2025,12,10
177,713,19-03-2024,Submitted,,FALSE,08-01-2026,16,30
178,896,04-08-2023,Approved,05-04-2024,FALSE,09-04-2025,4,10
179,840,17-04-2023,Approved,01-04-2024,FALSE,28-05-2024,12,20
180,1164,30-01-2024,Approved,12-09-2023,FALSE,27-02-2026,16,40
181,628,23-05-2023,Submitted,,FALSE,12-11-2024,24,20
182,621,13-08-2023,Approved,13-02-2024,TRUE,11-07-2025,4,40
183,1078,31-01-2024,Approved,06-09-2023,TRUE,13-01-2026,8,30
184,1120,04-07-2023,Submitted,13-03-2024,TRUE,29-07-2025,24,20
185,243,20-01-2024,Approved,25-02-2024,FALSE,21-04-2025,16,40
186,732,05-07-2023,Approved,12-07-2023,TRUE,14-06-2024,12,10
187,1067,28-03-2024,Approved,,FALSE,29-09-2024,52,30
188,1054,24-11-2023,Approved,,FALSE,04-02-2025,52,40
189,844,22-03-2024,Approved,04-03-2024,FALSE,05-08-2024,24,30
190,577,02-02-2024,Approved,,FALSE,27-01-2026,4,30
191,855,28-04-2023,Approved,16-12-2023,FALSE,28-06-2025,24,10
192,121,03-08-2023,Approved,,FALSE,09-10-2025,8,40
193,656,16-05-2023,Rejected,,FALSE,05-02-2026,12,30
194,269,19-07-2023,Approved,29-12-2023,FALSE,28-04-2024,16,30
195,822,16-10-2023,Rejected,,FALSE,29-06-2024,16,40
196,266,08-12-2023,Rejected,14-12-2023,TRUE,14-06-2024,4,40
197,907,29-11-2023,Approved,01-01-2024,TRUE,22-05-2025,24,40
198,598,17-03-2024,Approved,,FALSE,03-12-2024,12,40
199,1117,31-03-2024,Approved,12-03-2024,FALSE,17-06-2024,16,20
200,13,20-08-2023,Approved,20-01-2024,FALSE,31-08-2025,16,40
201,1047,13-08-2023,Rejected,03-04-2024,FALSE,17-10-2025,24,30
202,690,28-05-2023,Rejected,,FALSE,11-04-2026,4,40
203,419,16-08-2023,Submitted,,FALSE,11-12-2025,52,20
204,609,26-09-2023,Approved,02-10-2023,FALSE,01-04-2025,12,20
205,68,30-10-2023,Approved,,FALSE,21-04-2024,52,40
206,1085,19-03-2024,Rejected,27-02-2024,TRUE,07-05-2025,52,10
207,170,19-04-2023,Approved,,FALSE,28-06-2024,4,10
208,969,31-10-2023,Rejected,,FALSE,06-06-2025,12,10
209,242,15-07-2023,Rejected,28-09-2023,TRUE,28-06-2024,12,20
210,560,06-08-2023,Rejected,26-03-2024,FALSE,19-05-2025,24,30
211,372,24-07-2023,Approved,21-02-2024,TRUE,18-05-2025,12,30
212,219,17-12-2023,Rejected,06-03-2024,TRUE,03-04-2025,8,30
213,93,20-09-2023,Approved,,FALSE,09-02-2026,52,10
214,1051,12-09-2023,Approved,06-04-2024,FALSE,21-12-2025,24,30
215,1157,30-05-2023,Approved,04-04-2024,TRUE,07-08-2025,16,40
216,915,02-08-2023,Approved,16-10-2023,TRUE,26-02-2025,12,10
217,388,28-08-2023,Submitted,27-11-2023,FALSE,27-08-2024,52,20
218,587,02-05-2023,Rejected,26-10-2023,TRUE,27-06-2025,52,10
219,384,15-09-2023,Approved,10-03-2024,TRUE,26-04-2025,24,30
220,529,13-05-2023,Approved,,FALSE,21-02-2026,4,10
221,328,22-06-2023,Submitted,24-03-2024,TRUE,24-04-2024,12,10
222,992,27-12-2023,Approved,07-03-2024,TRUE,17-10-2025,12,40
223,589,21-06-2023,Approved,,FALSE,01-07-2024,4,20
224,210,18-04-2023,Approved,,FALSE,13-09-2025,52,20
225,597,14-03-2024,Approved,01-04-2024,TRUE,14-09-2025,24,30
226,353,05-07-2023,Submitted,01-04-2024,FALSE,01-11-2025,8,40
227,476,08-05-2023,Approved,10-12-2023,FALSE,15-01-2026,8,20
228,36,04-01-2024,Rejected,07-03-2024,TRUE,12-08-2025,4,20
229,178,21-01-2024,Rejected,25-12-2023,TRUE,08-03-2026,24,30
230,392,10-07-2023,Approved,,FALSE,09-01-2025,24,40
231,77,26-10-2023,Approved,02-04-2024,FALSE,13-11-2024,8,40
232,330,06-05-2023,Rejected,14-02-2024,FALSE,03-08-2025,12,20
233,522,05-03-2024,Submitted,21-05-2023,TRUE,05-09-2025,8,40
234,236,27-03-2024,Approved,24-03-2024,FALSE,02-12-2025,8,10
235,181,15-03-2024,Approved,27-02-2024,FALSE,15-11-2024,52,20
236,762,21-06-2023,Rejected,21-09-2023,TRUE,08-06-2025,16,30
237,56,22-08-2023,Approved,08-04-2024,TRUE,11-09-2024,16,20
238,590,20-03-2024,Approved,15-10-2023,FALSE,13-03-2025,52,40
239,867,17-03-2024,Rejected,,FALSE,29-06-2024,12,40
240,193,31-05-2023,Approved,21-11-2023,TRUE,27-08-2025,52,20
241,199,23-10-2023,Approved,,FALSE,27-11-2024,8,20
242,135,23-11-2023,Approved,,FALSE,14-10-2025,8,30
243,375,24-07-2023,Approved,06-03-2024,TRUE,07-06-2024,12,40
244,864,01-10-2023,Approved,25-12-2023,TRUE,13-02-2025,16,40
245,909,15-11-2023,Approved,,FALSE,18-11-2025,12,20
246,859,22-10-2023,Approved,08-04-2024,FALSE,31-10-2025,8,40
247,872,19-11-2023,Rejected,23-01-2024,TRUE,10-06-2024,52,20
248,387,15-06-2023,Approved,,FALSE,28-07-2025,4,30
249,467,10-05-2023,Approved,22-03-2024,FALSE,17-04-2025,12,20
250,500,10-10-2023,Submitted,27-01-2024,TRUE,11-08-2025,8,10
251,509,19-06-2023,Approved,,FALSE,10-09-2025,4,30
252,386,03-10-2023,Approved,21-10-2023,TRUE,13-06-2025,4,40
253,154,14-06-2023,Approved,,FALSE,20-02-2026,52,40
254,1012,10-05-2023,Submitted,19-03-2024,TRUE,07-04-2026,12,40
255,490,30-06-2023,Approved,20-03-2024,TRUE,17-07-2025,8,20
256,1114,07-02-2024,Approved,11-12-2023,FALSE,03-02-2025,8,30
257,753,03-01-2024,Approved,29-01-2024,TRUE,10-05-2025,16,40
258,1025,25-05-2023,Approved,,FALSE,31-03-2026,16,40
259,340,23-04-2023,Approved,29-02-2024,FALSE,02-07-2024,12,20
260,325,23-09-2023,Approved,25-11-2023,FALSE,05-08-2024,8,40
261,459,02-04-2024,Approved,31-12-2023,FALSE,14-12-2024,4,20
262,564,13-08-2023,Approved,,FALSE,22-06-2024,16,40
263,922,07-06-2023,Submitted,,FALSE,30-07-2025,8,30
264,745,13-03-2024,Submitted,02-03-2024,FALSE,05-08-2025,52,20
265,543,20-12-2023,Submitted,07-04-2024,FALSE,16-02-2025,8,30
266,781,25-03-2024,Approved,,FALSE,30-10-2024,8,30
267,570,03-02-2024,Approved,27-11-2023,FALSE,29-12-2024,52,40
268,812,28-06-2023,Approved,21-02-2024,TRUE,09-02-2026,24,40
269,1105,01-05-2023,Approved,08-10-2023,FALSE,21-05-2024,24,20
270,655,28-07-2023,Approved,,FALSE,06-11-2025,12,30
271,943,11-09-2023,Approved,,FALSE,15-12-2024,16,20
272,691,04-02-2024,Approved,25-02-2024,FALSE,02-12-2024,12,10
273,771,21-01-2024,Approved,,FALSE,10-05-2024,52,40
274,294,24-04-2023,Approved,12-07-2023,FALSE,10-01-2025,12,20
275,137,22-02-2024,Approved,,FALSE,07-08-2025,24,30
276,725,13-05-2023,Rejected,,FALSE,12-01-2026,24,20
277,208,22-03-2024,Approved,15-02-2024,TRUE,28-10-2025,24,10
278,1032,06-09-2023,Approved,,FALSE,27-03-2025,52,40
279,739,07-10-2023,Submitted,25-12-2023,FALSE,01-06-2024,16,40
280,833,30-08-2023,Approved,31-01-2024,TRUE,23-06-2025,16,40
281,1099,29-12-2023,Approved,16-03-2024,TRUE,15-06-2024,52,30
282,315,18-08-2023,Approved,06-12-2023,FALSE,28-03-2026,24,20
283,990,02-07-2023,Approved,27-07-2023,TRUE,12-11-2024,8,30
284,903,06-04-2024,Approved,17-03-2024,TRUE,10-07-2025,12,10
285,22,28-07-2023,Approved,,FALSE,05-03-2025,12,20
286,561,30-03-2024,Approved,,FALSE,27-06-2024,12,20
287,136,14-10-2023,Submitted,13-11-2023,TRUE,24-11-2025,16,10
288,929,20-09-2023,Approved,29-03-2024,FALSE,25-07-2025,24,30
289,581,14-02-2024,Approved,02-04-2024,TRUE,16-03-2026,16,40
290,679,02-06-2023,Approved,01-11-2023,FALSE,06-01-2026,8,30
291,757,18-12-2023,Approved,,FALSE,26-12-2025,8,10
292,97,12-06-2023,Submitted,,FALSE,21-02-2026,52,20
293,410,26-12-2023,Approved,,FALSE,18-02-2026,16,40
294,575,26-11-2023,Approved,15-01-2024,FALSE,01-12-2025,4,20
295,451,21-11-2023,Approved,,FALSE,19-04-2024,8,10
296,151,27-01-2024,Approved,08-12-2023,TRUE,20-05-2025,16,10
297,293,06-08-2023,Approved,07-04-2024,TRUE,05-01-2026,16,10
298,334,03-04-2024,Approved,,FALSE,25-07-2024,4,10
299,1042,24-01-2024,Approved,13-03-2024,TRUE,03-04-2026,8,20
300,629,06-06-2023,Approved,,FALSE,08-12-2024,8,40
301,282,23-05-2023,Approved,08-12-2023,FALSE,18-02-2025,16,10
302,129,27-12-2023,Approved,24-02-2024,TRUE,14-02-2026,24,20
303,517,21-07-2023,Approved,08-04-2024,FALSE,20-07-2025,4,40
304,47,24-02-2024,Submitted,20-01-2024,FALSE,07-05-2024,12,20
305,49,29-04-2023,Approved,,FALSE,26-12-2024,8,20
306,221,02-06-2023,Approved,17-03-2024,FALSE,14-02-2026,24,40
307,1134,31-10-2023,Approved,14-11-2023,TRUE,26-03-2025,4,20
308,971,25-11-2023,Submitted,12-02-2024,TRUE,30-08-2024,16,30
309,1096,30-09-2023,Approved,13-02-2024,FALSE,10-05-2025,4,40
310,85,30-01-2024,Approved,26-02-2024,FALSE,09-02-2025,4,10
311,432,22-06-2023,Approved,02-02-2024,FALSE,11-02-2026,4,40
312,62,10-12-2023,Rejected,,FALSE,09-11-2025,8,10
313,935,06-03-2024,Approved,,FALSE,09-08-2025,4,10
314,726,11-09-2023,Submitted,10-04-2024,TRUE,07-10-2025,52,40
315,733,29-03-2024,Approved,,FALSE,10-12-2025,8,40
316,995,01-05-2023,Submitted,,FALSE,28-05-2024,24,20
317,10,26-04-2023,Approved,13-12-2023,TRUE,13-10-2024,4,20
318,508,21-05-2023,Approved,,FALSE,24-02-2025,4,20
319,284,23-04-2023,Approved,,FALSE,29-08-2024,16,30
320,661,23-05-2023,Approved,09-03-2024,FALSE,21-11-2025,16,20
321,1153,04-02-2024,Approved,21-03-2024,FALSE,20-07-2025,24,20
322,327,08-09-2023,Approved,01-03-2024,TRUE,30-11-2024,4,30
323,1059,07-01-2024,Approved,28-01-2024,TRUE,14-01-2026,24,40
324,998,30-07-2023,Approved,11-04-2024,FALSE,13-08-2024,4,40
325,350,26-01-2024,Rejected,03-08-2023,FALSE,06-03-2026,24,30
326,719,04-02-2024,Approved,,FALSE,12-07-2024,16,40
327,688,10-06-2023,Approved,28-05-2023,TRUE,14-06-2024,16,40
328,778,08-11-2023,Approved,22-09-2023,FALSE,09-09-2025,24,30
329,96,16-06-2023,Submitted,08-12-2023,FALSE,31-12-2024,16,10
330,278,19-09-2023,Approved,,FALSE,29-08-2024,12,10
331,1089,25-05-2023,Rejected,,FALSE,20-01-2025,12,30
332,958,29-05-2023,Approved,14-11-2023,TRUE,08-07-2025,4,30
333,608,11-01-2024,Approved,16-03-2024,TRUE,12-07-2024,12,40
334,911,29-06-2023,Rejected,,FALSE,18-01-2025,12,40
335,1063,13-08-2023,Approved,16-01-2024,TRUE,06-03-2026,24,10
336,767,02-05-2023,Rejected,27-01-2024,FALSE,17-08-2025,16,10
337,497,14-06-2023,Approved,08-04-2024,FALSE,26-02-2026,12,30
338,400,28-09-2023,Approved,04-02-2024,TRUE,31-07-2025,4,10
339,940,07-07-2023,Submitted,,FALSE,30-07-2024,12,30
340,1145,04-03-2024,Approved,26-01-2024,TRUE,29-07-2024,12,40
341,367,15-04-2023,Approved,19-11-2023,FALSE,29-06-2025,12,10
342,1149,20-08-2023,Submitted,21-12-2023,FALSE,19-11-2024,16,10
343,268,29-08-2023,Submitted,06-01-2024,TRUE,16-12-2025,52,10
344,708,10-07-2023,Approved,10-04-2024,FALSE,04-05-2025,52,10
345,371,24-06-2023,Approved,,FALSE,11-03-2025,8,40
346,736,01-05-2023,Rejected,04-04-2024,FALSE,01-10-2025,8,10
347,1121,31-05-2023,Approved,12-03-2024,FALSE,11-11-2025,12,30
348,477,21-12-2023,Rejected,05-12-2023,FALSE,08-02-2025,52,10
349,90,11-10-2023,Submitted,31-03-2024,FALSE,21-03-2025,16,30
350,1151,27-10-2023,Approved,,FALSE,01-02-2025,16,40
351,271,09-05-2023,Rejected,13-02-2024,FALSE,23-05-2024,8,40
352,438,15-09-2023,Submitted,31-07-2023,TRUE,20-12-2024,52,10
353,654,30-10-2023,Approved,05-03-2024,TRUE,21-01-2025,12,10
354,475,11-08-2023,Approved,26-10-2023,FALSE,24-06-2025,16,20
355,617,22-04-2023,Submitted,01-04-2024,TRUE,29-07-2025,12,30
356,1152,15-05-2023,Rejected,,FALSE,03-03-2025,12,30
357,1141,12-12-2023,Submitted,22-05-2023,TRUE,13-09-2024,52,10
358,335,26-08-2023,Approved,16-01-2024,FALSE,11-07-2024,52,10
359,942,21-11-2023,Rejected,10-01-2024,TRUE,14-12-2024,8,20
360,409,05-04-2024,Approved,09-02-2024,FALSE,23-03-2026,24,20
361,52,07-04-2024,Submitted,12-12-2023,FALSE,30-08-2024,8,40
362,937,29-09-2023,Rejected,03-03-2024,TRUE,09-07-2024,52,30
363,702,01-05-2023,Approved,,FALSE,02-05-2025,4,40
364,396,17-11-2023,Submitted,06-02-2024,TRUE,13-12-2024,52,20
365,956,21-05-2023,Approved,07-03-2024,TRUE,28-06-2024,8,20
366,1036,16-01-2024,Approved,27-11-2023,TRUE,20-04-2025,24,40
367,572,07-07-2023,Approved,29-02-2024,TRUE,23-11-2024,12,10
368,212,26-07-2023,Approved,07-10-2023,TRUE,21-12-2025,8,20
369,240,07-12-2023,Approved,28-03-2024,TRUE,12-09-2024,24,30
370,521,11-10-2023,Rejected,,FALSE,04-11-2024,8,30
371,1023,08-06-2023,Approved,08-09-2023,TRUE,17-01-2025,8,10
372,441,12-12-2023,Approved,14-02-2024,FALSE,17-05-2024,52,40
373,981,25-09-2023,Approved,14-08-2023,FALSE,27-06-2024,24,10
374,1160,24-11-2023,Approved,30-08-2023,TRUE,28-03-2025,8,30
375,146,26-12-2023,Approved,07-04-2024,TRUE,16-11-2024,16,30
376,852,18-01-2024,Rejected,29-08-2023,FALSE,10-07-2025,52,40
377,443,22-03-2024,Approved,,FALSE,07-08-2024,4,10
378,806,19-08-2023,Approved,03-03-2024,TRUE,19-10-2025,8,10
379,173,19-01-2024,Approved,20-09-2023,FALSE,27-09-2025,52,30
380,116,28-07-2023,Approved,18-01-2024,TRUE,23-06-2024,4,20
381,66,03-08-2023,Approved,07-04-2024,TRUE,25-09-2025,52,10
382,161,28-08-2023,Submitted,,FALSE,25-07-2025,8,30
383,1028,13-07-2023,Rejected,06-01-2024,FALSE,25-05-2024,12,30
384,602,20-04-2023,Approved,,FALSE,25-09-2025,24,40
385,114,13-08-2023,Approved,,FALSE,26-04-2024,52,30
386,1020,13-12-2023,Approved,15-02-2024,FALSE,30-01-2025,52,40
387,110,26-01-2024,Approved,25-09-2023,TRUE,13-11-2025,8,40
388,237,06-08-2023,Approved,05-04-2024,FALSE,22-10-2025,8,40
389,599,10-02-2024,Approved,,FALSE,24-07-2024,16,30
390,177,21-08-2023,Approved,,FALSE,19-05-2025,12,20
391,380,25-10-2023,Approved,,FALSE,27-06-2025,12,20
392,460,18-01-2024,Approved,05-03-2024,FALSE,16-01-2026,52,20
393,663,22-04-2023,Approved,10-11-2023,TRUE,13-07-2024,24,40
394,108,20-06-2023,Approved,21-06-2023,TRUE,09-03-2025,8,10
395,104,03-05-2023,Approved,25-10-2023,FALSE,08-07-2025,24,40
396,1103,31-10-2023,Approved,04-03-2024,FALSE,19-09-2024,16,30
397,365,23-12-2023,Approved,13-03-2024,FALSE,29-05-2024,12,10
398,515,12-05-2023,Approved,09-01-2024,FALSE,24-07-2025,52,30
399,1015,17-09-2023,Rejected,29-01-2024,FALSE,04-12-2024,24,30
400,727,11-05-2023,Approved,,FALSE,26-01-2026,12,30
401,536,06-11-2023,Submitted,,FALSE,09-06-2025,52,40
402,18,01-07-2023,Submitted,05-05-2023,TRUE,24-11-2024,8,40
403,1166,13-01-2024,Approved,02-02-2024,FALSE,12-07-2024,4,40
404,893,07-05-2023,Rejected,14-02-2024,FALSE,11-09-2025,12,20
405,48,08-04-2024,Approved,,FALSE,10-08-2025,52,30
406,851,30-11-2023,Rejected,19-02-2024,TRUE,30-09-2024,4,40
407,405,07-07-2023,Rejected,,FALSE,17-07-2025,24,40
408,2,18-06-2023,Submitted,15-02-2024,TRUE,08-04-2026,16,20
409,718,25-11-2023,Approved,13-08-2023,FALSE,31-08-2024,52,10
410,868,06-01-2024,Submitted,04-04-2024,FALSE,03-02-2026,52,40
411,847,29-11-2023,Approved,,FALSE,03-09-2024,52,40
412,938,21-02-2024,Approved,24-09-2023,FALSE,08-12-2024,16,10
413,1091,25-05-2023,Approved,05-08-2023,FALSE,09-09-2025,8,40
414,692,26-05-2023,Rejected,09-12-2023,TRUE,06-10-2025,12,10
415,874,06-07-2023,Approved,08-02-2024,TRUE,18-03-2026,24,40
416,1086,24-10-2023,Approved,28-12-2023,TRUE,21-08-2024,24,10
417,983,25-08-2023,Approved,24-02-2024,FALSE,01-05-2025,8,20
418,927,23-03-2024,Approved,09-03-2024,FALSE,24-04-2024,4,30
419,34,31-07-2023,Submitted,,FALSE,14-06-2025,24,40
420,838,18-06-2023,Approved,26-01-2024,TRUE,16-08-2025,8,30
421,631,30-07-2023,Submitted,29-10-2023,FALSE,21-05-2025,52,10
422,1004,12-11-2023,Approved,04-12-2023,FALSE,15-06-2024,52,10
423,429,13-09-2023,Submitted,28-11-2023,FALSE,18-08-2025,12,10
424,816,29-01-2024,Approved,11-02-2024,FALSE,09-12-2025,16,30
425,452,18-12-2023,Approved,06-10-2023,TRUE,29-05-2024,16,40
426,881,17-05-2023,Approved,22-01-2024,TRUE,13-09-2025,24,40
427,1072,21-02-2024,Approved,,FALSE,28-10-2024,24,40
428,455,18-04-2023,Approved,,FALSE,16-08-2025,8,10
429,316,07-05-2023,Approved,,FALSE,06-07-2024,52,30
430,837,10-11-2023,Approved,,FALSE,02-02-2026,52,30
431,790,20-11-2023,Approved,,FALSE,18-03-2026,12,20
432,261,25-04-2023,Approved,,FALSE,22-09-2024,4,30
433,972,08-08-2023,Approved,31-03-2024,TRUE,29-11-2025,8,30
434,186,11-11-2023,Approved,26-01-2024,FALSE,19-07-2024,24,10
435,292,26-03-2024,Approved,,FALSE,04-07-2024,8,10
436,531,20-05-2023,Submitted,25-12-2023,FALSE,19-09-2024,8,30
437,420,27-05-2023,Rejected,,FALSE,06-03-2025,24,30
438,80,01-09-2023,Approved,07-02-2024,TRUE,23-09-2025,52,30
439,774,01-05-2023,Approved,13-01-2024,TRUE,27-03-2025,24,20
440,944,02-04-2024,Approved,,FALSE,02-02-2026,52,10
441,550,07-01-2024,Submitted,,FALSE,16-10-2024,16,30
442,481,27-11-2023,Approved,23-01-2024,FALSE,17-10-2024,52,40
443,311,31-08-2023,Submitted,,FALSE,23-06-2024,12,30
444,807,30-10-2023,Approved,28-01-2024,TRUE,26-10-2025,16,20
445,394,06-04-2024,Approved,18-10-2023,FALSE,02-10-2024,52,40
446,38,02-02-2024,Submitted,08-02-2024,TRUE,08-11-2025,16,20
447,1016,09-06-2023,Approved,22-03-2024,TRUE,18-11-2024,12,20
448,967,18-01-2024,Approved,09-03-2024,TRUE,29-11-2024,16,10
449,19,06-03-2024,Approved,07-04-2024,FALSE,03-11-2024,4,40
450,895,19-11-2023,Approved,14-01-2024,TRUE,02-11-2025,4,20
451,857,21-08-2023,Approved,17-03-2024,FALSE,04-12-2025,24,30
452,799,30-04-2023,Approved,05-03-2024,FALSE,27-10-2024,8,20
453,605,25-05-2023,Approved,04-09-2023,TRUE,24-12-2024,4,10
454,985,17-08-2023,Approved,,FALSE,15-08-2025,12,40
455,37,20-11-2023,Approved,11-02-2024,FALSE,20-12-2025,16,40
456,165,29-12-2023,Approved,09-03-2024,FALSE,02-01-2025,16,20
457,440,05-09-2023,Rejected,28-01-2024,TRUE,02-09-2025,52,40
458,775,12-11-2023,Approved,13-01-2024,FALSE,21-04-2025,16,20
459,231,30-12-2023,Approved,,FALSE,12-10-2025,8,20
460,766,29-01-2024,Approved,11-10-2023,TRUE,02-09-2025,24,10
461,111,08-11-2023,Approved,08-09-2023,FALSE,20-08-2024,8,10
462,402,21-01-2024,Approved,,FALSE,15-03-2026,52,40
463,189,06-08-2023,Submitted,17-11-2023,FALSE,06-10-2025,4,20
464,720,22-06-2023,Rejected,,FALSE,16-09-2025,4,20
465,1100,07-02-2024,Approved,07-04-2024,TRUE,18-05-2024,52,10
466,620,29-12-2023,Approved,,FALSE,12-08-2025,16,20
467,32,16-04-2023,Approved,04-04-2024,FALSE,09-06-2025,4,30
468,1019,01-10-2023,Approved,,FALSE,28-10-2025,16,20
469,740,19-06-2023,Approved,05-01-2024,FALSE,29-06-2024,52,30
470,144,04-05-2023,Approved,,FALSE,15-07-2024,52,10
471,939,15-05-2023,Submitted,,FALSE,31-01-2026,12,30
472,991,04-12-2023,Approved,18-01-2024,FALSE,02-03-2026,52,20
473,67,10-06-2023,Approved,16-03-2024,FALSE,12-08-2024,24,40
474,786,28-10-2023,Submitted,16-11-2023,FALSE,10-03-2025,4,10
475,486,28-02-2024,Rejected,,FALSE,21-09-2025,16,10
476,376,03-12-2023,Rejected,01-04-2024,FALSE,31-05-2024,24,10
477,787,28-02-2024,Rejected,10-10-2023,TRUE,10-02-2025,8,20
478,976,28-01-2024,Approved,27-03-2024,TRUE,08-12-2025,52,10
479,591,05-09-2023,Submitted,28-03-2024,FALSE,03-08-2024,12,20
480,301,20-03-2024,Approved,15-06-2023,FALSE,28-11-2025,12,20
481,533,11-08-2023,Submitted,05-02-2024,FALSE,26-10-2025,8,10
482,485,19-05-2023,Approved,24-02-2024,TRUE,15-05-2024,4,20
483,276,27-12-2023,Submitted,03-04-2024,FALSE,18-03-2026,52,40
484,836,17-05-2023,Approved,,FALSE,29-09-2025,52,10
485,1136,29-01-2024,Approved,16-09-2023,TRUE,15-07-2024,16,10
486,89,21-02-2024,Approved,02-04-2024,TRUE,03-08-2025,52,10
487,265,21-05-2023,Approved,13-11-2023,TRUE,07-01-2025,52,10
488,446,19-01-2024,Rejected,,FALSE,14-12-2025,52,20
489,810,30-06-2023,Approved,27-07-2023,TRUE,26-02-2026,52,40
490,31,25-10-2023,Approved,,FALSE,05-02-2025,12,30
491,81,22-11-2023,Approved,,FALSE,27-10-2024,24,10
492,464,15-02-2024,Approved,,FALSE,14-06-2025,8,10
493,765,06-01-2024,Submitted,,FALSE,04-01-2025,8,20
494,183,20-06-2023,Submitted,03-01-2024,TRUE,12-08-2024,8,30
495,928,06-02-2024,Approved,08-03-2024,FALSE,10-06-2024,4,20
496,796,24-08-2023,Approved,11-03-2024,TRUE,24-01-2026,12,20
497,1030,18-11-2023,Approved,,FALSE,25-11-2024,24,10
498,163,24-03-2024,Approved,28-11-2023,FALSE,25-06-2024,52,40
499,336,13-01-2024,Approved,,FALSE,28-03-2025,16,40
500,71,18-11-2023,Rejected,16-09-2023,FALSE,21-07-2025,52,20
501,697,21-01-2024,Approved,30-11-2023,TRUE,05-07-2024,16,40
502,537,04-07-2023,Approved,07-04-2024,FALSE,04-06-2024,24,40
503,190,05-03-2024,Approved,09-03-2024,FALSE,30-12-2024,16,30
504,704,30-08-2023,Approved,,FALSE,22-07-2025,16,10
505,744,15-09-2023,Submitted,,FALSE,06-08-2024,52,30
506,366,05-09-2023,Approved,,FALSE,23-01-2025,52,20
507,1147,10-01-2024,Approved,20-09-2023,TRUE,19-11-2024,52,40
508,742,25-04-2023,Approved,17-11-2023,FALSE,13-11-2025,8,30
509,1167,02-08-2023,Approved,,FALSE,20-04-2025,12,20
510,14,23-02-2024,Approved,,FALSE,17-06-2024,16,20
511,706,19-05-2023,Approved,19-10-2023,FALSE,27-05-2024,24,20
512,565,30-09-2023,Approved,19-01-2024,FALSE,29-11-2025,24,40
513,1135,28-06-2023,Rejected,11-03-2024,FALSE,04-12-2024,12,30
514,407,07-10-2023,Approved,16-12-2023,TRUE,05-01-2026,52,10
515,7,25-03-2024,Approved,25-01-2024,TRUE,27-05-2024,24,30
516,442,04-09-2023,Submitted,24-10-2023,FALSE,29-01-2026,24,10
517,710,28-01-2024,Approved,31-03-2024,FALSE,03-05-2025,52,20
518,850,23-03-2024,Submitted,,FALSE,14-04-2024,4,30
519,1000,20-06-2023,Rejected,,FALSE,16-07-2024,16,10
520,811,31-12-2023,Approved,,FALSE,24-04-2025,4,20
521,1097,23-11-2023,Approved,11-04-2024,FALSE,12-11-2025,16,40
522,314,01-09-2023,Approved,12-11-2023,FALSE,17-04-2025,24,40
523,253,20-04-2023,Submitted,,FALSE,02-05-2025,52,30
524,843,27-10-2023,Approved,17-01-2024,FALSE,14-07-2025,16,20
525,101,16-07-2023,Approved,,FALSE,23-10-2024,4,10
526,846,21-04-2023,Approved,,FALSE,24-07-2024,16,30
527,232,09-12-2023,Approved,27-03-2024,TRUE,30-03-2026,52,30
528,993,09-09-2023,Approved,04-02-2024,TRUE,17-10-2025,12,30
529,109,21-04-2023,Approved,14-03-2024,TRUE,16-04-2025,12,10
530,322,14-07-2023,Submitted,18-11-2023,FALSE,28-02-2026,24,40
531,55,20-03-2024,Submitted,,FALSE,13-09-2024,24,20
532,535,27-04-2023,Approved,,FALSE,18-08-2024,12,40
533,406,17-02-2024,Rejected,08-04-2024,TRUE,22-12-2025,16,10
534,233,18-06-2023,Approved,24-03-2024,FALSE,09-04-2026,24,20
535,805,12-11-2023,Submitted,29-01-2024,FALSE,28-12-2024,52,30
536,513,24-11-2023,Approved,,FALSE,09-08-2024,8,20
537,578,14-09-2023,Submitted,,FALSE,28-11-2025,12,40
538,158,14-07-2023,Approved,08-08-2023,FALSE,10-06-2025,12,40
539,973,10-07-2023,Approved,,FALSE,17-02-2025,12,30
540,417,18-05-2023,Approved,,FALSE,18-10-2024,52,30
541,157,27-01-2024,Approved,04-04-2024,FALSE,07-10-2025,52,20
542,41,03-08-2023,Approved,,FALSE,04-07-2025,52,40
543,166,15-08-2023,Submitted,20-10-2023,TRUE,01-06-2025,52,40
544,820,17-04-2023,Approved,30-09-2023,TRUE,27-03-2025,16,10
545,901,02-07-2023,Approved,,FALSE,28-10-2024,52,40
546,302,01-06-2023,Approved,20-01-2024,TRUE,29-05-2024,52,20
547,884,29-09-2023,Approved,18-03-2024,FALSE,11-03-2026,24,20
548,12,08-05-2023,Approved,29-11-2023,TRUE,26-12-2024,52,40
549,300,10-07-2023,Approved,03-09-2023,TRUE,21-05-2024,52,30
550,593,25-06-2023,Submitted,,FALSE,06-03-2025,8,20
551,447,17-07-2023,Approved,,FALSE,11-06-2024,16,30
552,491,14-04-2023,Rejected,09-09-2023,FALSE,17-01-2025,12,20
553,333,29-05-2023,Submitted,29-11-2023,FALSE,19-02-2026,24,20
554,968,15-07-2023,Approved,09-04-2024,FALSE,21-10-2024,12,30
555,579,05-06-2023,Approved,02-01-2024,FALSE,06-09-2024,52,30
556,450,30-05-2023,Rejected,,FALSE,18-03-2026,4,20
557,913,15-08-2023,Submitted,,FALSE,27-03-2026,24,40
558,886,07-11-2023,Approved,16-02-2024,FALSE,02-12-2024,12,30
559,615,13-11-2023,Rejected,14-03-2024,FALSE,22-05-2024,52,30
560,307,09-12-2023,Submitted,23-03-2024,FALSE,20-01-2026,12,10
561,5,16-01-2024,Approved,,FALSE,31-07-2024,12,10
562,965,15-01-2024,Rejected,,FALSE,09-05-2024,24,30
563,369,15-03-2024,Approved,25-07-2023,FALSE,09-04-2026,12,30
564,1011,08-04-2024,Approved,20-02-2024,TRUE,10-12-2025,8,40
565,1138,27-03-2024,Approved,23-03-2024,TRUE,01-08-2025,8,10
566,3,22-03-2024,Rejected,01-11-2023,FALSE,29-12-2025,24,10
567,103,08-05-2023,Rejected,19-12-2023,FALSE,17-03-2026,24,10
568,930,24-10-2023,Rejected,20-12-2023,FALSE,01-02-2026,52,30
569,885,26-02-2024,Approved,10-03-2024,TRUE,20-07-2025,16,10
570,955,14-06-2023,Approved,02-02-2024,FALSE,29-08-2024,8,20
571,682,12-07-2023,Submitted,,FALSE,05-03-2026,24,30
572,119,15-01-2024,Rejected,,FALSE,08-03-2026,16,20
573,723,10-12-2023,Submitted,,FALSE,23-10-2025,24,30
574,827,09-05-2023,Approved,27-03-2024,FALSE,14-05-2025,4,30
575,488,08-03-2024,Submitted,11-04-2024,TRUE,30-12-2024,16,20
576,131,12-01-2024,Rejected,24-03-2024,TRUE,17-07-2025,12,30
577,155,22-08-2023,Approved,,FALSE,06-03-2025,52,30
578,729,09-08-2023,Approved,22-01-2024,TRUE,12-03-2025,52,10
579,612,30-09-2023,Approved,14-10-2023,FALSE,12-02-2026,12,20
580,792,27-06-2023,Approved,,FALSE,04-07-2025,24,20
581,415,05-05-2023,Approved,16-02-2024,TRUE,16-03-2025,4,30
582,25,08-10-2023,Rejected,02-04-2024,TRUE,05-11-2025,12,20
583,345,21-09-2023,Approved,26-03-2024,TRUE,19-03-2025,8,30
584,164,04-07-2023,Rejected,28-10-2023,FALSE,08-02-2026,12,10
585,349,28-04-2023,Approved,,FALSE,17-10-2024,12,40
586,463,11-06-2023,Submitted,15-11-2023,TRUE,05-03-2026,16,20
587,324,11-04-2024,Approved,,FALSE,24-07-2025,8,40
588,946,20-01-2024,Rejected,17-01-2024,TRUE,24-04-2025,12,30
589,782,23-01-2024,Submitted,,FALSE,25-02-2026,12,40
590,331,19-09-2023,Submitted,27-03-2024,FALSE,31-07-2024,8,10
591,273,26-08-2023,Approved,08-10-2023,FALSE,19-05-2025,4,10
592,514,19-05-2023,Approved,11-04-2024,TRUE,10-06-2025,16,10
593,862,28-10-2023,Approved,13-01-2024,FALSE,09-05-2024,8,10
594,255,05-08-2023,Approved,,FALSE,07-07-2024,4,40
595,254,06-08-2023,Rejected,09-03-2024,TRUE,17-07-2025,8,20
596,980,20-09-2023,Approved,11-04-2024,FALSE,01-04-2025,16,30
597,306,21-01-2024,Approved,25-03-2024,FALSE,14-05-2025,16,40
598,873,29-10-2023,Approved,26-10-2023,TRUE,22-02-2026,4,40
599,418,01-01-2024,Approved,,FALSE,20-08-2025,12,40
600,1125,11-01-2024,Approved,19-01-2024,FALSE,09-09-2025,24,30
601,582,15-07-2023,Approved,,FALSE,08-02-2026,52,10
602,1092,12-12-2023,Approved,17-01-2024,TRUE,19-06-2025,16,30
603,642,09-01-2024,Submitted,,FALSE,23-08-2025,4,30
604,1101,31-08-2023,Approved,,FALSE,23-04-2025,52,40
605,395,23-04-2023,Approved,06-04-2024,TRUE,07-11-2024,8,30
606,815,27-06-2023,Approved,12-11-2023,TRUE,25-12-2024,16,20
607,1108,03-01-2024,Approved,,FALSE,04-03-2025,4,10
608,954,04-08-2023,Approved,17-08-2023,TRUE,05-11-2025,16,20
609,525,20-06-2023,Approved,03-03-2024,TRUE,25-09-2025,16,40
610,878,10-11-2023,Submitted,,FALSE,07-10-2025,4,20
611,250,31-10-2023,Approved,,FALSE,15-04-2025,12,30
612,989,12-04-2023,Submitted,,FALSE,14-01-2026,12,30
613,156,24-09-2023,Approved,03-03-2024,FALSE,22-05-2025,12,10
614,559,29-06-2023,Approved,06-10-2023,TRUE,27-06-2025,12,20
615,1094,24-05-2023,Approved,17-03-2024,TRUE,25-09-2024,16,20
616,876,06-02-2024,Submitted,,FALSE,12-10-2024,12,30
617,1112,11-01-2024,Approved,10-04-2024,FALSE,24-08-2025,24,40
618,988,31-05-2023,Submitted,27-10-2023,FALSE,27-12-2024,16,30
619,70,07-08-2023,Submitted,24-02-2024,FALSE,03-01-2025,24,30
620,195,18-10-2023,Approved,29-03-2024,FALSE,30-01-2026,12,40
621,100,31-05-2023,Approved,30-01-2024,FALSE,29-12-2024,24,40
622,216,29-12-2023,Submitted,,FALSE,17-04-2025,16,20
623,76,08-01-2024,Approved,06-01-2024,FALSE,02-08-2024,52,20
624,975,15-03-2024,Approved,20-10-2023,TRUE,06-11-2025,8,10
625,1159,18-02-2024,Approved,23-02-2024,FALSE,30-04-2024,52,30
626,866,03-12-2023,Approved,,FALSE,23-02-2025,16,30
627,869,23-10-2023,Approved,,FALSE,15-01-2025,4,40
628,860,29-12-2023,Approved,04-03-2024,TRUE,06-06-2024,52,30
629,1102,28-04-2023,Rejected,07-04-2024,FALSE,11-08-2025,16,40
630,669,29-12-2023,Approved,09-03-2024,FALSE,06-10-2024,52,10
631,544,23-09-2023,Approved,01-04-2024,FALSE,25-09-2025,24,40
632,645,03-01-2024,Approved,26-10-2023,TRUE,06-04-2026,16,10
633,637,13-01-2024,Approved,21-12-2023,TRUE,10-05-2024,24,10
634,698,15-01-2024,Approved,16-01-2024,TRUE,24-07-2024,52,20
635,963,27-03-2024,Approved,15-12-2023,FALSE,17-07-2024,12,30
636,689,11-12-2023,Approved,25-01-2024,FALSE,22-04-2024,52,10
637,197,01-02-2024,Approved,11-03-2024,FALSE,04-08-2024,8,30
638,892,25-09-2023,Approved,08-04-2024,TRUE,19-10-2024,4,10
639,258,10-03-2024,Approved,15-11-2023,TRUE,13-05-2025,16,40
640,487,06-01-2024,Rejected,02-04-2024,TRUE,30-07-2024,8,20
641,281,05-08-2023,Rejected,03-12-2023,FALSE,08-05-2024,4,30
642,1093,03-06-2023,Approved,10-04-2024,FALSE,04-11-2024,4,40
643,1140,30-04-2023,Approved,21-11-2023,TRUE,01-03-2025,24,10
644,1158,13-12-2023,Rejected,22-07-2023,TRUE,21-03-2026,16,20
645,21,02-10-2023,Submitted,,FALSE,05-11-2024,12,30
646,1075,21-12-2023,Approved,06-12-2023,TRUE,13-02-2025,8,30
647,211,11-06-2023,Approved,19-03-2024,TRUE,20-02-2026,24,20
648,73,26-12-2023,Approved,,FALSE,30-05-2025,12,10
649,899,11-05-2023,Approved,,FALSE,16-06-2024,12,40
650,924,05-07-2023,Approved,10-01-2024,FALSE,05-12-2025,24,30
651,1084,09-08-2023,Submitted,24-11-2023,TRUE,02-02-2025,8,30
652,999,11-05-2023,Rejected,21-07-2023,FALSE,05-10-2025,12,20
653,639,24-10-2023,Approved,,FALSE,26-06-2025,12,40
654,1038,15-06-2023,Approved,05-11-2023,FALSE,17-01-2026,52,10
655,433,12-05-2023,Approved,08-12-2023,FALSE,01-05-2025,16,30
656,88,14-11-2023,Approved,10-02-2024,TRUE,01-02-2025,16,30
657,272,21-08-2023,Approved,24-07-2023,TRUE,19-04-2025,8,10
658,614,06-11-2023,Approved,11-02-2024,FALSE,20-09-2025,16,10
659,547,15-08-2023,Approved,14-09-2023,TRUE,07-04-2025,12,10
660,495,09-12-2023,Approved,,FALSE,19-06-2025,12,20
661,601,29-03-2024,Approved,07-01-2024,FALSE,05-11-2025,12,30
662,546,01-07-2023,Approved,01-03-2024,TRUE,12-10-2024,16,40
663,342,27-02-2024,Rejected,09-03-2024,TRUE,01-08-2025,12,40
664,24,20-11-2023,Approved,05-10-2023,FALSE,27-02-2026,52,20
665,887,25-02-2024,Approved,02-11-2023,FALSE,14-09-2025,8,10
666,357,25-10-2023,Submitted,30-09-2023,FALSE,04-03-2025,8,30
667,741,30-03-2024,Submitted,,FALSE,28-12-2024,16,20
668,435,12-04-2023,Approved,02-01-2024,TRUE,21-07-2024,4,40
669,321,18-05-2023,Approved,20-10-2023,TRUE,01-04-2025,4,10
670,1109,17-12-2023,Approved,,FALSE,06-05-2025,52,20
671,541,10-01-2024,Approved,,FALSE,27-02-2025,52,10
672,1137,14-03-2024,Rejected,04-11-2023,FALSE,23-11-2024,4,20
673,759,17-09-2023,Rejected,24-09-2023,FALSE,18-02-2026,12,10
674,1027,29-12-2023,Approved,,FALSE,09-12-2024,4,10
675,332,20-05-2023,Rejected,24-09-2023,FALSE,23-10-2024,4,40
676,107,19-02-2024,Approved,02-12-2023,TRUE,03-06-2024,8,30
677,1,18-03-2024,Submitted,,FALSE,02-05-2024,24,40
678,424,28-03-2024,Approved,14-02-2024,FALSE,15-04-2025,4,30
679,715,11-09-2023,Rejected,02-12-2023,TRUE,18-02-2026,8,20
680,586,07-11-2023,Submitted,,FALSE,31-05-2025,52,30
681,286,16-03-2024,Approved,17-03-2024,TRUE,26-10-2024,8,30
682,188,27-05-2023,Approved,01-10-2023,FALSE,24-10-2024,12,10
683,743,20-10-2023,Rejected,26-03-2024,FALSE,11-07-2025,24,40
684,499,15-11-2023,Submitted,24-01-2024,FALSE,10-01-2025,16,40
685,986,31-07-2023,Approved,,FALSE,02-08-2024,4,20
686,647,01-04-2024,Approved,17-11-2023,TRUE,19-01-2026,52,10
687,152,17-07-2023,Approved,,FALSE,24-10-2025,24,40
688,526,11-03-2024,Approved,27-03-2024,TRUE,25-03-2025,24,30
689,694,26-10-2023,Approved,30-12-2023,FALSE,29-03-2025,52,10
690,904,16-12-2023,Approved,28-11-2023,TRUE,17-05-2024,16,20
691,27,25-06-2023,Approved,,FALSE,16-10-2025,24,20
692,1052,09-01-2024,Rejected,,FALSE,08-07-2024,8,20
693,734,18-06-2023,Approved,,FALSE,18-02-2026,12,10
694,502,09-03-2024,Approved,,FALSE,21-01-2025,12,20
695,875,19-02-2024,Rejected,,FALSE,04-09-2025,16,30
696,516,04-03-2024,Approved,01-04-2024,FALSE,03-05-2025,8,20
697,926,18-07-2023,Approved,13-02-2024,TRUE,18-07-2024,12,30
698,428,22-05-2023,Approved,,FALSE,31-05-2024,12,30
699,1007,17-12-2023,Approved,,FALSE,07-01-2026,12,30
700,1131,03-01-2024,Approved,,FALSE,13-06-2024,12,30
701,795,31-01-2024,Approved,,FALSE,24-07-2025,52,10
702,413,12-08-2023,Rejected,,FALSE,14-08-2025,24,10
703,262,22-02-2024,Approved,23-01-2024,TRUE,02-11-2025,4,30
704,147,15-05-2023,Approved,21-03-2024,TRUE,18-07-2024,12,20
705,484,23-02-2024,Rejected,30-12-2023,FALSE,08-10-2024,12,10
706,279,31-08-2023,Approved,22-02-2024,TRUE,10-10-2024,4,40
707,373,13-05-2023,Submitted,,FALSE,10-03-2025,16,40
708,908,19-03-2024,Approved,,FALSE,03-09-2024,8,30
709,238,03-07-2023,Approved,19-12-2023,TRUE,26-12-2025,12,10
710,636,15-08-2023,Approved,,FALSE,07-03-2025,4,40
711,932,21-09-2023,Approved,13-02-2024,TRUE,24-03-2026,24,40
712,945,21-06-2023,Submitted,16-09-2023,FALSE,26-10-2024,16,10
713,563,26-10-2023,Approved,05-04-2024,FALSE,19-01-2026,8,20
714,217,09-07-2023,Rejected,29-03-2024,FALSE,27-04-2024,8,10
715,79,20-04-2023,Submitted,,FALSE,09-02-2026,4,30
716,64,04-05-2023,Submitted,,FALSE,12-04-2024,52,20
717,616,02-01-2024,Rejected,,FALSE,03-04-2026,8,30
718,518,24-11-2023,Approved,10-03-2024,FALSE,14-09-2024,24,30
719,809,12-01-2024,Approved,25-09-2023,TRUE,28-01-2026,52,40
720,829,14-09-2023,Approved,10-03-2024,FALSE,27-12-2024,16,10
721,764,04-01-2024,Rejected,27-11-2023,TRUE,03-01-2026,52,40
722,1132,12-09-2023,Approved,01-02-2024,TRUE,31-12-2024,12,10
723,678,06-10-2023,Approved,10-04-2024,TRUE,19-04-2025,4,30
724,791,30-09-2023,Submitted,,FALSE,09-12-2025,12,30
725,610,21-12-2023,Submitted,,FALSE,26-08-2025,16,30
726,853,25-08-2023,Approved,08-01-2024,FALSE,04-12-2024,8,10
727,180,30-09-2023,Approved,30-05-2023,TRUE,23-03-2026,16,10
728,549,04-04-2024,Approved,13-12-2023,TRUE,06-07-2024,12,10
729,106,29-03-2024,Approved,02-10-2023,FALSE,22-04-2025,4,20
730,1126,15-12-2023,Rejected,21-03-2024,TRUE,04-03-2026,52,30
731,391,05-02-2024,Approved,,FALSE,14-11-2024,24,30
732,959,01-03-2024,Approved,05-12-2023,FALSE,30-11-2024,52,30
733,834,26-10-2023,Approved,,FALSE,03-03-2026,52,10
734,256,29-07-2023,Rejected,,FALSE,28-02-2025,12,20
735,503,15-09-2023,Approved,,FALSE,23-10-2024,8,40
736,1008,16-03-2024,Submitted,08-07-2023,TRUE,28-10-2024,4,40
737,1161,04-06-2023,Rejected,,FALSE,25-09-2025,8,40
738,431,19-11-2023,Approved,21-01-2024,FALSE,26-01-2026,4,30
739,297,05-09-2023,Approved,,FALSE,03-01-2026,12,40
740,295,13-12-2023,Approved,10-04-2024,TRUE,25-07-2025,16,10
741,1150,02-09-2023,Approved,27-03-2024,FALSE,23-12-2024,12,20
742,646,21-07-2023,Approved,,FALSE,22-01-2026,12,20
743,1107,08-01-2024,Rejected,27-09-2023,TRUE,16-01-2026,12,30
744,576,15-12-2023,Approved,25-03-2024,TRUE,12-08-2025,4,20
745,421,13-04-2023,Rejected,,FALSE,02-03-2025,52,40
746,600,21-09-2023,Approved,,FALSE,08-05-2025,4,20
747,948,30-12-2023,Submitted,25-02-2024,FALSE,10-11-2024,8,20
748,472,17-09-2023,Approved,01-04-2024,FALSE,28-04-2025,4,10
749,776,29-05-2023,Approved,01-02-2024,FALSE,12-09-2024,16,20
750,711,10-08-2023,Approved,29-03-2024,TRUE,02-09-2025,16,30
751,159,14-03-2024,Approved,,FALSE,12-04-2025,8,10
752,677,29-05-2023,Approved,10-04-2024,TRUE,27-04-2025,12,10
753,29,14-08-2023,Submitted,20-11-2023,TRUE,08-10-2025,16,40
754,681,14-06-2023,Approved,,FALSE,02-01-2026,8,30
755,309,06-02-2024,Approved,,FALSE,31-08-2024,24,40
756,382,07-09-2023,Approved,04-04-2024,TRUE,20-01-2026,12,20
757,506,21-08-2023,Approved,,FALSE,10-12-2024,4,20
758,970,02-02-2024,Approved,,FALSE,29-07-2024,24,10
759,1034,10-06-2023,Approved,,FALSE,18-06-2025,12,40
760,1013,08-11-2023,Rejected,01-08-2023,TRUE,27-11-2025,24,20
761,351,22-09-2023,Rejected,22-03-2024,FALSE,20-03-2026,24,40
762,755,04-09-2023,Approved,07-03-2024,FALSE,30-05-2024,4,10
763,623,13-07-2023,Approved,,FALSE,03-04-2025,16,30
764,1073,08-04-2024,Submitted,19-11-2023,TRUE,20-05-2025,12,20
765,270,30-09-2023,Rejected,29-01-2024,FALSE,16-03-2025,24,20
766,348,30-09-2023,Approved,02-01-2024,TRUE,27-01-2025,4,30
767,882,20-04-2023,Approved,,FALSE,20-06-2025,16,30
768,444,26-06-2023,Rejected,29-07-2023,FALSE,19-08-2025,24,40
769,378,03-08-2023,Approved,,FALSE,20-03-2025,24,20
770,496,14-08-2023,Submitted,27-06-2023,FALSE,10-04-2025,4,40
771,613,10-11-2023,Approved,,FALSE,16-10-2025,8,10
772,538,05-03-2024,Approved,28-02-2024,FALSE,26-12-2025,12,10
773,923,18-05-2023,Rejected,02-09-2023,FALSE,05-04-2026,8,40
774,528,24-12-2023,Approved,25-01-2024,TRUE,03-06-2025,12,20
775,171,15-02-2024,Submitted,04-03-2024,TRUE,12-07-2024,24,20
776,823,28-10-2023,Approved,18-08-2023,FALSE,17-11-2024,24,40
777,176,07-03-2024,Approved,25-12-2023,TRUE,29-01-2025,4,10
778,1146,15-11-2023,Approved,11-04-2024,TRUE,01-11-2025,52,30
779,752,03-02-2024,Approved,17-01-2024,TRUE,29-06-2024,52,10
780,296,12-11-2023,Approved,26-01-2024,TRUE,04-01-2026,16,20
781,1148,19-03-2024,Rejected,,FALSE,29-05-2024,52,30
782,390,24-08-2023,Approved,,FALSE,10-05-2025,24,10
783,280,18-01-2024,Approved,29-03-2024,TRUE,23-08-2025,12,40
784,397,08-06-2023,Approved,,FALSE,28-02-2026,24,20
785,505,02-10-2023,Approved,21-03-2024,FALSE,12-08-2024,8,40
786,749,12-12-2023,Approved,,FALSE,07-06-2025,4,30
787,224,30-03-2024,Approved,01-04-2024,FALSE,24-05-2024,4,40
788,754,19-01-2024,Approved,,FALSE,08-05-2025,24,30
789,74,13-07-2023,Submitted,11-03-2024,FALSE,30-08-2025,16,10
790,1154,26-10-2023,Approved,13-12-2023,FALSE,09-06-2025,16,10
791,870,05-02-2024,Rejected,23-01-2024,FALSE,21-04-2024,16,10
792,1056,09-05-2023,Approved,09-03-2024,FALSE,06-04-2026,12,40
793,1026,29-06-2023,Rejected,,FALSE,19-07-2024,52,30
794,498,04-01-2024,Approved,11-03-2024,FALSE,12-05-2024,52,10
795,42,26-01-2024,Submitted,,FALSE,29-04-2025,4,40
796,1139,19-10-2023,Rejected,14-11-2023,FALSE,28-03-2026,16,20
797,1029,27-10-2023,Approved,06-11-2023,TRUE,24-04-2025,16,40
798,830,16-12-2023,Approved,,FALSE,03-05-2025,52,30
799,1111,02-06-2023,Approved,11-03-2024,FALSE,07-06-2024,4,20
800,1070,01-09-2023,Approved,11-04-2024,TRUE,04-12-2025,12,20
801,51,12-02-2024,Approved,27-02-2024,FALSE,20-06-2024,4,10
802,28,09-06-2023,Submitted,,FALSE,12-03-2026,16,10
803,200,15-10-2023,Approved,30-03-2024,FALSE,08-06-2024,16,20
804,552,30-11-2023,Approved,,FALSE,18-01-2026,4,40
805,949,18-06-2023,Approved,21-02-2024,TRUE,22-04-2024,52,20
806,1005,17-04-2023,Approved,21-08-2023,FALSE,28-07-2024,24,30
807,640,06-07-2023,Approved,,FALSE,29-10-2024,52,20
808,462,22-08-2023,Rejected,29-03-2024,TRUE,09-05-2025,4,30
809,758,08-04-2024,Approved,31-01-2024,FALSE,22-11-2024,16,10
810,379,29-04-2023,Rejected,,FALSE,15-06-2025,8,20
811,558,09-08-2023,Rejected,06-03-2024,TRUE,03-12-2024,4,20
812,125,10-10-2023,Submitted,01-01-2024,TRUE,15-03-2026,8,30
813,693,20-02-2024,Approved,,FALSE,05-01-2026,8,30
814,1090,05-03-2024,Rejected,25-02-2024,TRUE,13-11-2024,52,20
815,1130,18-07-2023,Approved,11-10-2023,TRUE,19-05-2025,24,30
816,257,09-07-2023,Approved,17-03-2024,FALSE,13-08-2025,4,30
817,23,04-10-2023,Approved,,FALSE,25-12-2024,52,10
818,139,07-01-2024,Approved,06-12-2023,TRUE,11-11-2025,24,10
819,39,19-08-2023,Approved,26-08-2023,FALSE,31-07-2024,12,10
820,1041,23-09-2023,Approved,07-03-2024,FALSE,15-10-2024,24,20
821,304,12-01-2024,Approved,30-06-2023,FALSE,10-03-2025,8,40
822,604,04-06-2023,Submitted,02-03-2024,FALSE,11-04-2026,24,30
823,45,06-04-2024,Submitted,01-10-2023,TRUE,09-01-2025,52,30
824,611,02-11-2023,Approved,,FALSE,28-07-2025,4,10
825,134,22-11-2023,Rejected,,FALSE,06-10-2025,24,30
826,780,23-06-2023,Rejected,12-03-2024,TRUE,19-10-2025,8,30
827,449,05-04-2024,Rejected,25-03-2024,TRUE,11-01-2026,4,20
828,1057,22-02-2024,Approved,07-11-2023,FALSE,16-12-2025,8,10
829,368,04-04-2024,Approved,11-02-2024,FALSE,03-09-2025,4,30
830,1060,10-10-2023,Submitted,08-12-2023,TRUE,06-09-2024,52,10
831,994,18-03-2024,Approved,,FALSE,02-04-2025,24,10
832,802,10-08-2023,Approved,15-02-2024,FALSE,23-09-2025,8,30
833,86,29-03-2024,Approved,06-04-2024,TRUE,05-07-2025,24,30
834,665,23-04-2023,Approved,19-02-2024,FALSE,21-11-2025,52,40
835,122,17-03-2024,Approved,28-12-2023,TRUE,09-02-2026,4,30
836,263,10-11-2023,Approved,,FALSE,04-02-2025,8,40
837,1071,18-02-2024,Approved,03-10-2023,FALSE,27-03-2025,24,40
838,454,11-08-2023,Rejected,03-01-2024,TRUE,31-10-2025,16,40
839,249,15-05-2023,Approved,,FALSE,23-12-2024,12,30
840,360,02-06-2023,Approved,24-06-2023,FALSE,05-03-2026,8,20
841,641,11-11-2023,Rejected,,FALSE,02-04-2025,4,20
842,773,19-02-2024,Approved,06-04-2024,TRUE,10-05-2024,8,10
843,638,01-08-2023,Rejected,08-04-2024,FALSE,09-06-2024,52,30
844,411,08-12-2023,Approved,27-11-2023,FALSE,07-12-2024,52,10
845,673,24-10-2023,Approved,04-02-2024,TRUE,20-10-2024,16,20
846,1076,01-08-2023,Approved,26-11-2023,TRUE,10-11-2025,12,10
847,783,17-09-2023,Approved,28-02-2024,TRUE,11-12-2025,52,10
848,87,29-05-2023,Approved,,FALSE,20-03-2026,24,10
849,848,21-11-2023,Approved,10-02-2024,FALSE,31-07-2025,16,30
850,138,29-09-2023,Approved,10-01-2024,TRUE,24-11-2025,16,30
851,890,30-05-2023,Submitted,11-04-2024,TRUE,25-09-2025,4,30
852,554,30-05-2023,Approved,,FALSE,04-06-2025,4,10
853,8,13-09-2023,Approved,10-08-2023,FALSE,09-02-2026,8,40
854,794,01-06-2023,Submitted,,FALSE,24-06-2024,8,20
855,779,17-07-2023,Approved,,FALSE,05-11-2025,24,30
856,1053,12-11-2023,Rejected,15-05-2023,TRUE,05-04-2025,24,10
857,1001,17-04-2023,Approved,08-04-2024,TRUE,29-09-2024,52,30
858,950,04-03-2024,Rejected,17-02-2024,FALSE,10-04-2026,16,20
859,320,30-05-2023,Approved,,FALSE,07-02-2025,16,10
860,916,20-12-2023,Approved,11-04-2024,FALSE,13-04-2024,12,10
861,149,22-07-2023,Rejected,27-08-2023,FALSE,03-04-2025,52,10
862,457,14-06-2023,Approved,15-03-2024,TRUE,14-03-2025,4,10
863,53,30-09-2023,Approved,,FALSE,04-02-2025,16,10
864,1080,17-04-2023,Rejected,,FALSE,12-11-2025,16,10
865,1122,24-10-2023,Approved,,FALSE,10-01-2025,12,40
866,494,19-06-2023,Submitted,,FALSE,16-02-2026,52,20
867,312,21-10-2023,Approved,07-06-2023,FALSE,29-11-2025,52,20
868,427,11-10-2023,Submitted,05-12-2023,TRUE,02-05-2024,4,20
869,124,17-01-2024,Approved,,FALSE,30-05-2024,8,10
870,804,24-06-2023,Approved,,FALSE,16-06-2024,24,30
871,252,09-11-2023,Rejected,,FALSE,17-07-2024,4,30
872,622,12-08-2023,Approved,26-12-2023,TRUE,15-09-2024,24,10
873,1048,13-11-2023,Approved,20-09-2023,TRUE,27-10-2025,4,10
874,660,07-05-2023,Rejected,31-03-2024,FALSE,05-06-2024,16,20
875,1022,02-05-2023,Approved,,FALSE,07-04-2025,52,40
876,571,26-06-2023,Approved,14-09-2023,FALSE,25-05-2024,16,40
877,1064,18-09-2023,Approved,13-02-2024,TRUE,17-02-2026,4,20
878,961,16-01-2024,Rejected,03-04-2024,FALSE,12-03-2026,24,20
879,92,01-05-2023,Approved,29-10-2023,TRUE,18-11-2024,24,30
880,179,29-12-2023,Approved,,FALSE,17-02-2026,24,20
881,845,13-07-2023,Approved,07-04-2024,TRUE,28-09-2024,52,20
882,1058,30-11-2023,Rejected,,FALSE,17-03-2026,52,20
883,643,12-01-2024,Submitted,,FALSE,01-07-2025,12,40
884,317,24-01-2024,Approved,,FALSE,19-01-2026,52,30
885,1144,19-03-2024,Approved,29-12-2023,TRUE,04-01-2025,52,30
886,879,09-12-2023,Approved,25-01-2024,TRUE,15-12-2024,16,40
887,933,09-11-2023,Approved,19-09-2023,TRUE,20-04-2024,8,20
888,728,29-10-2023,Approved,,FALSE,04-07-2024,24,40
889,919,07-05-2023,Submitted,19-03-2024,FALSE,09-05-2025,12,40
890,530,19-02-2024,Approved,01-03-2024,TRUE,27-01-2025,8,40
891,461,03-05-2023,Rejected,,FALSE,08-01-2026,8,10
892,478,16-11-2023,Approved,18-09-2023,FALSE,27-01-2025,24,40
893,289,10-02-2024,Rejected,19-09-2023,TRUE,24-02-2025,52,10
894,458,05-03-2024,Approved,14-02-2024,TRUE,12-10-2024,8,40
895,401,27-02-2024,Approved,12-09-2023,TRUE,10-06-2025,4,40
896,436,16-12-2023,Rejected,14-12-2023,FALSE,29-11-2025,16,40
897,826,04-07-2023,Approved,,FALSE,07-12-2024,52,40
898,649,08-09-2023,Approved,,FALSE,27-09-2025,8,40
899,489,17-02-2024,Submitted,,FALSE,14-02-2026,24,10
900,567,07-03-2024,Approved,02-10-2023,TRUE,24-11-2024,16,30
901,1044,14-02-2024,Approved,15-08-2023,TRUE,30-12-2025,24,40
902,466,06-10-2023,Approved,06-03-2024,TRUE,24-07-2025,52,10
903,524,20-06-2023,Approved,,FALSE,05-07-2024,24,40
904,105,10-10-2023,Approved,03-06-2023,TRUE,26-01-2026,24,40
905,686,28-05-2023,Rejected,01-04-2024,TRUE,08-11-2025,16,40
906,925,23-01-2024,Rejected,31-10-2023,FALSE,20-02-2025,24,30
907,1050,30-09-2023,Approved,10-02-2024,TRUE,04-03-2026,52,40
908,777,29-10-2023,Submitted,23-12-2023,TRUE,15-12-2024,8,30
909,1106,01-11-2023,Approved,,FALSE,15-09-2024,24,40
910,1077,18-02-2024,Approved,02-10-2023,FALSE,18-03-2025,4,40
911,1156,22-02-2024,Approved,,FALSE,16-10-2024,4,20
912,797,13-11-2023,Approved,31-10-2023,TRUE,12-05-2025,52,30
913,30,15-05-2023,Approved,18-10-2023,FALSE,04-08-2024,16,30
914,1035,13-04-2023,Approved,09-10-2023,TRUE,12-11-2025,4,20
915,712,31-10-2023,Rejected,,FALSE,07-08-2024,52,10
916,619,18-04-2023,Approved,06-04-2024,FALSE,04-11-2024,12,10
917,244,21-10-2023,Approved,27-07-2023,FALSE,08-10-2025,52,30
918,520,18-04-2023,Approved,25-02-2024,TRUE,29-07-2024,8,40
919,239,28-02-2024,Rejected,06-04-2024,FALSE,05-03-2025,12,10
920,964,30-09-2023,Approved,08-04-2024,TRUE,30-01-2026,8,20
921,194,28-04-2023,Submitted,18-10-2023,TRUE,04-03-2025,8,30
922,1119,23-12-2023,Approved,31-07-2023,FALSE,21-09-2024,52,40
923,319,13-03-2024,Rejected,19-01-2024,FALSE,08-09-2024,8,30
924,377,23-01-2024,Approved,,FALSE,05-08-2024,4,30
925,842,03-12-2023,Approved,03-06-2023,FALSE,05-11-2025,8,40
926,657,08-06-2023,Approved,,FALSE,18-01-2025,8,10
927,902,25-03-2024,Rejected,,FALSE,04-09-2024,16,20
928,523,08-01-2024,Approved,03-04-2024,TRUE,11-05-2024,12,10
929,1123,31-07-2023,Approved,,FALSE,19-11-2025,8,10
930,123,29-09-2023,Rejected,,FALSE,31-01-2025,4,10
931,370,08-04-2024,Approved,,FALSE,01-02-2025,24,10
932,562,06-05-2023,Approved,19-02-2024,FALSE,10-01-2026,4,40
933,596,30-05-2023,Approved,01-02-2024,TRUE,16-10-2024,12,20
934,492,09-07-2023,Approved,03-11-2023,FALSE,22-05-2025,8,20
935,912,21-08-2023,Approved,14-08-2023,TRUE,30-03-2025,4,30
936,717,27-04-2023,Approved,,FALSE,25-01-2026,16,30
937,198,03-12-2023,Submitted,04-07-2023,TRUE,08-04-2025,4,10
938,82,29-06-2023,Approved,,FALSE,13-08-2024,8,30
939,906,31-05-2023,Approved,12-02-2024,TRUE,11-11-2024,16,30
940,1128,23-12-2023,Rejected,07-04-2024,FALSE,14-10-2025,4,10
941,606,05-06-2023,Approved,30-03-2024,FALSE,26-03-2025,8,20
942,361,12-04-2023,Approved,07-02-2024,FALSE,27-04-2024,12,40
943,389,18-11-2023,Approved,15-06-2023,TRUE,24-11-2025,16,40
944,592,11-08-2023,Approved,20-10-2023,TRUE,03-02-2026,12,10
945,819,28-03-2024,Approved,,FALSE,20-02-2025,24,20
946,393,21-01-2024,Approved,04-03-2024,FALSE,08-12-2024,12,10
947,666,15-02-2024,Approved,22-10-2023,TRUE,09-08-2024,4,20
948,162,16-05-2023,Approved,07-03-2024,FALSE,30-07-2024,12,40
949,16,07-08-2023,Approved,,FALSE,22-10-2024,4,30
950,683,19-04-2023,Approved,29-12-2023,TRUE,21-11-2024,12,30
951,214,01-02-2024,Approved,04-03-2024,TRUE,26-11-2025,16,40
952,588,12-11-2023,Approved,22-12-2023,FALSE,26-09-2024,4,40
953,814,05-12-2023,Submitted,30-03-2024,FALSE,17-12-2025,8,10
954,931,10-03-2024,Approved,06-04-2024,FALSE,03-09-2025,16,40
955,374,15-05-2023,Approved,04-02-2024,TRUE,29-06-2024,4,30
956,1116,18-03-2024,Approved,23-03-2024,FALSE,16-04-2025,4,10
957,580,11-03-2024,Approved,02-01-2024,TRUE,24-07-2025,12,30
958,750,22-08-2023,Approved,,FALSE,19-02-2026,16,20
959,818,18-01-2024,Rejected,,FALSE,29-11-2024,52,10
960,747,14-08-2023,Rejected,20-07-2023,FALSE,25-12-2025,52,40
961,871,13-01-2024,Approved,06-12-2023,FALSE,02-03-2026,4,30
962,769,22-01-2024,Approved,,FALSE,17-01-2025,4,30
963,603,05-01-2024,Approved,28-03-2024,FALSE,11-04-2026,52,20
964,716,13-02-2024,Approved,,FALSE,14-02-2026,52,10
965,439,23-10-2023,Approved,,FALSE,08-09-2024,16,40
966,1065,04-01-2024,Rejected,24-03-2024,TRUE,04-01-2025,16,10
967,473,21-08-2023,Submitted,06-04-2024,FALSE,08-12-2024,24,40
968,953,31-12-2023,Approved,14-03-2024,TRUE,15-12-2025,4,40
969,11,26-07-2023,Approved,,FALSE,19-07-2024,12,30
970,548,06-01-2024,Approved,20-03-2024,TRUE,21-09-2025,16,10
971,308,20-03-2024,Approved,28-10-2023,TRUE,06-01-2026,24,10
972,94,15-03-2024,Approved,11-03-2024,FALSE,25-12-2025,8,10
973,1039,30-08-2023,Rejected,,FALSE,18-12-2024,8,30
974,40,25-06-2023,Approved,28-12-2023,TRUE,14-07-2024,16,20
975,399,27-11-2023,Submitted,11-04-2024,FALSE,26-03-2025,16,40
976,283,09-05-2023,Rejected,,FALSE,07-07-2024,16,30
977,4,13-08-2023,Approved,31-03-2024,TRUE,15-10-2024,8,30
978,982,22-11-2023,Approved,19-10-2023,TRUE,26-11-2024,24,40
979,858,05-09-2023,Submitted,09-03-2024,FALSE,06-03-2025,8,30
980,145,12-12-2023,Approved,10-01-2024,FALSE,21-02-2025,16,40
981,1062,31-07-2023,Approved,06-02-2024,FALSE,05-01-2025,52,30
982,385,13-07-2023,Approved,09-09-2023,TRUE,20-01-2025,8,10
983,99,24-01-2024,Approved,,FALSE,09-08-2024,16,10
984,674,17-01-2024,Approved,16-03-2024,TRUE,04-11-2024,24,10
985,630,02-04-2024,Approved,30-12-2023,TRUE,12-08-2025,16,10
986,287,04-02-2024,Approved,18-11-2023,TRUE,11-10-2024,4,20
987,703,20-05-2023,Approved,20-03-2024,FALSE,04-03-2025,4,20
988,274,24-03-2024,Approved,22-09-2023,TRUE,06-08-2024,52,20
989,667,28-06-2023,Approved,20-01-2024,TRUE,05-04-2026,4,20
990,1045,19-07-2023,Approved,,FALSE,18-03-2026,4,20
991,468,12-04-2023,Approved,,FALSE,11-05-2024,8,10
992,789,27-06-2023,Approved,12-12-2023,TRUE,25-07-2024,8,20
993,471,06-01-2024,Approved,22-05-2023,TRUE,12-11-2025,52,40
994,1006,28-11-2023,Rejected,27-12-2023,FALSE,12-12-2024,52,20
995,425,11-12-2023,Approved,11-03-2024,FALSE,08-04-2026,4,10
996,482,23-09-2023,Approved,11-04-2024,TRUE,04-12-2024,4,30
997,150,15-10-2023,Approved,09-02-2024,FALSE,26-06-2025,16,10
998,305,29-04-2023,Approved,14-12-2023,FALSE,15-08-2025,4,40
999,347,09-04-2024,Approved,21-07-2023,TRUE,29-05-2024,52,10
1000,362,19-12-2023,Rejected,11-06-2023,TRUE,14-01-2026,16,40
1001,583,02-10-2023,Approved,29-01-2024,FALSE,18-01-2025,12,10
1002,202,29-01-2024,Rejected,05-03-2024,FALSE,13-03-2026,12,40
1003,737,16-10-2023,Approved,02-11-2023,FALSE,12-11-2025,12,30
1004,9,03-07-2023,Approved,28-03-2024,TRUE,03-07-2024,24,40
1005,722,18-06-2023,Approved,22-08-2023,FALSE,07-12-2025,52,30
1006,448,19-03-2024,Rejected,,FALSE,16-10-2024,12,40
1007,339,28-05-2023,Rejected,09-09-2023,TRUE,18-03-2026,16,30
1008,671,22-04-2023,Approved,08-04-2024,FALSE,30-11-2025,8,40
1009,510,31-12-2023,Approved,02-04-2024,TRUE,29-01-2026,4,30
1010,1082,11-08-2023,Approved,02-03-2024,FALSE,28-11-2025,12,40
1011,1018,30-01-2024,Submitted,13-12-2023,FALSE,03-07-2024,8,30
1012,854,13-11-2023,Approved,,FALSE,04-02-2026,24,20
1013,1155,06-10-2023,Rejected,29-07-2023,TRUE,20-05-2024,24,40
1014,91,09-11-2023,Submitted,,FALSE,12-02-2026,24,10
1015,960,24-05-2023,Approved,28-02-2024,TRUE,15-07-2025,12,30
1016,676,13-12-2023,Approved,06-02-2024,FALSE,12-10-2024,24,10
1017,341,25-08-2023,Approved,19-01-2024,TRUE,03-12-2025,8,30
1018,700,04-05-2023,Approved,17-01-2024,FALSE,26-05-2025,24,10
1019,519,30-03-2024,Approved,,FALSE,10-01-2026,24,20
1020,788,06-04-2024,Approved,03-10-2023,TRUE,24-12-2025,16,10
1021,748,16-02-2024,Rejected,27-09-2023,TRUE,01-11-2024,8,40
1022,977,06-01-2024,Approved,04-04-2024,TRUE,22-05-2025,12,20
1023,705,31-03-2024,Approved,09-04-2024,TRUE,19-12-2025,4,40
1024,251,15-10-2023,Approved,07-04-2024,FALSE,18-12-2025,24,20
1025,951,19-09-2023,Approved,12-11-2023,TRUE,31-10-2025,52,40
1026,573,04-12-2023,Rejected,,FALSE,22-07-2024,4,10
1027,222,14-03-2024,Approved,17-02-2024,FALSE,22-06-2025,12,30
1028,412,23-06-2023,Approved,,FALSE,29-08-2024,8,20
1029,6,13-08-2023,Submitted,04-02-2024,TRUE,17-11-2025,52,40
1030,359,14-01-2024,Rejected,08-11-2023,FALSE,20-11-2025,8,20
1031,828,09-02-2024,Submitted,,FALSE,22-03-2025,12,10
1032,416,27-06-2023,Approved,03-11-2023,FALSE,28-12-2025,52,10
1033,624,19-02-2024,Approved,18-03-2024,TRUE,06-05-2025,24,40
1034,633,13-07-2023,Approved,19-03-2024,FALSE,23-09-2024,24,30
1035,1046,30-07-2023,Rejected,04-10-2023,FALSE,03-08-2025,16,20
1036,1129,01-04-2024,Rejected,31-12-2023,FALSE,31-07-2024,52,40
1037,288,12-07-2023,Submitted,31-01-2024,TRUE,28-09-2025,12,30
1038,15,05-07-2023,Approved,,FALSE,10-04-2025,24,20
1039,618,01-09-2023,Approved,15-03-2024,FALSE,29-10-2025,24,10
1040,192,17-02-2024,Rejected,31-10-2023,TRUE,25-09-2025,24,30
1041,277,20-10-2023,Approved,,FALSE,28-12-2024,8,20
1042,1061,28-02-2024,Approved,27-09-2023,TRUE,23-07-2025,16,10
1043,730,15-05-2023,Submitted,,FALSE,21-10-2025,8,10
1044,542,21-02-2024,Approved,02-04-2024,FALSE,12-11-2025,4,20
1045,905,05-04-2024,Approved,,FALSE,04-11-2025,12,30
1046,545,07-12-2023,Approved,21-10-2023,TRUE,05-04-2026,52,20
1047,701,13-07-2023,Submitted,29-03-2024,FALSE,06-03-2025,12,20
1048,285,11-05-2023,Submitted,15-08-2023,TRUE,26-12-2025,4,30
1049,1088,23-10-2023,Approved,15-11-2023,FALSE,23-01-2025,52,30
1050,142,10-01-2024,Approved,10-01-2024,TRUE,09-06-2025,52,10
1051,566,14-02-2024,Approved,12-03-2024,TRUE,01-02-2025,24,20
1052,760,30-09-2023,Submitted,,FALSE,28-11-2024,4,40
1053,1066,03-12-2023,Submitted,19-03-2024,FALSE,31-05-2025,4,10
1054,594,03-12-2023,Approved,,FALSE,11-03-2026,52,30
1055,1074,04-08-2023,Approved,06-04-2024,FALSE,04-11-2024,16,20
1056,889,21-06-2023,Submitted,27-12-2023,TRUE,06-01-2025,52,20
1057,709,20-08-2023,Approved,,FALSE,05-10-2024,24,20
1058,941,04-04-2024,Approved,,FALSE,02-11-2024,16,10
1059,223,15-03-2024,Approved,11-01-2024,FALSE,01-12-2025,8,10
1060,126,16-01-2024,Rejected,28-03-2024,FALSE,24-11-2024,16,20
1061,226,06-10-2023,Approved,08-04-2024,FALSE,04-10-2025,16,40
1062,735,01-03-2024,Approved,,FALSE,27-01-2025,4,40
1063,921,03-12-2023,Submitted,,FALSE,28-05-2024,12,40
1064,650,11-07-2023,Approved,18-11-2023,TRUE,22-04-2025,8,10
1065,259,12-04-2023,Approved,,FALSE,10-05-2024,8,20
1066,72,20-11-2023,Rejected,21-12-2023,FALSE,26-04-2025,4,10
1067,644,18-07-2023,Submitted,16-09-2023,TRUE,20-12-2024,8,20
1068,648,04-02-2024,Approved,31-08-2023,FALSE,20-03-2026,52,10
1069,1024,28-03-2024,Approved,01-04-2024,TRUE,05-04-2026,12,30
1070,201,01-11-2023,Approved,24-01-2024,TRUE,09-10-2025,12,30
1071,33,14-01-2024,Submitted,06-02-2024,FALSE,18-08-2024,12,20
1072,936,16-12-2023,Submitted,13-03-2024,TRUE,16-03-2025,16,10
1073,897,07-07-2023,Approved,08-04-2024,TRUE,09-06-2024,16,10
1074,303,03-08-2023,Rejected,08-03-2024,TRUE,19-08-2024,4,40
1075,470,18-01-2024,Approved,,FALSE,02-12-2025,16,20
1076,569,27-04-2023,Approved,27-01-2024,TRUE,05-01-2025,24,40
1077,102,12-11-2023,Submitted,20-02-2024,FALSE,18-05-2024,16,10
1078,398,05-08-2023,Approved,26-02-2024,TRUE,08-07-2025,12,20
1079,1031,03-06-2023,Approved,15-10-2023,TRUE,06-05-2024,12,30
1080,556,17-03-2024,Approved,22-11-2023,TRUE,01-12-2025,4,10
1081,69,21-11-2023,Submitted,,FALSE,27-02-2026,52,40
1082,625,12-11-2023,Approved,14-12-2023,TRUE,15-04-2024,8,30
1083,408,05-05-2023,Submitted,22-01-2024,FALSE,21-01-2025,16,10
1084,225,07-03-2024,Approved,06-03-2024,FALSE,06-09-2025,8,30
1085,75,21-03-2024,Approved,19-02-2024,FALSE,01-11-2025,8,40
1086,987,08-11-2023,Approved,18-11-2023,TRUE,20-12-2024,52,30
1087,1095,10-09-2023,Approved,08-09-2023,FALSE,17-03-2026,12,20
1088,403,23-02-2024,Submitted,08-05-2023,TRUE,18-09-2025,8,40
1089,595,05-02-2024,Approved,17-10-2023,TRUE,09-03-2025,4,20
1090,1017,08-08-2023,Approved,08-04-2024,FALSE,02-03-2025,4,30
1091,877,27-05-2023,Approved,09-03-2024,TRUE,06-05-2024,24,40
1092,551,29-12-2023,Submitted,18-09-2023,FALSE,24-05-2025,4,30
1093,652,11-03-2024,Submitted,,FALSE,07-05-2024,8,20
1094,230,18-10-2023,Approved,14-02-2024,TRUE,19-05-2024,12,30
1095,770,26-12-2023,Approved,15-03-2024,FALSE,13-06-2025,52,40
1096,246,10-01-2024,Approved,19-10-2023,TRUE,29-04-2025,12,30
1097,751,18-07-2023,Rejected,10-07-2023,FALSE,13-08-2025,52,10
1098,326,18-08-2023,Approved,19-01-2024,TRUE,17-03-2026,4,30
1099,1118,29-01-2024,Approved,18-03-2024,FALSE,29-07-2024,16,30
1100,264,04-12-2023,Approved,16-03-2024,FALSE,12-10-2025,24,40
1101,761,03-02-2024,Rejected,16-02-2024,FALSE,21-11-2024,52,30
1102,1009,28-12-2023,Approved,07-11-2023,FALSE,31-07-2025,16,10
1103,383,13-01-2024,Approved,,FALSE,19-07-2024,24,40
1104,1143,10-06-2023,Approved,17-01-2024,TRUE,18-02-2026,4,20
1105,1115,02-04-2024,Rejected,,FALSE,14-11-2025,12,20
1106,493,07-02-2024,Rejected,09-10-2023,FALSE,25-11-2025,8,30
1107,721,27-04-2023,Approved,01-04-2024,TRUE,22-10-2024,52,40
1108,947,18-02-2024,Approved,09-03-2024,FALSE,24-08-2024,16,30
1109,275,29-06-2023,Approved,,FALSE,08-01-2026,52,20
1110,313,08-02-2024,Approved,31-10-2023,FALSE,04-08-2025,52,10
1111,63,02-12-2023,Approved,19-02-2024,TRUE,26-09-2024,24,30
1112,1133,20-12-2023,Approved,21-01-2024,FALSE,28-02-2025,8,30
1113,57,09-02-2024,Approved,24-12-2023,TRUE,03-01-2025,4,40
1114,534,19-10-2023,Approved,17-01-2024,FALSE,06-08-2024,4,30
1115,310,16-09-2023,Approved,05-12-2023,TRUE,16-02-2025,4,20
1116,555,25-09-2023,Submitted,,FALSE,16-03-2026,52,20
1117,1098,23-08-2023,Rejected,06-08-2023,FALSE,26-10-2024,24,30
1118,60,16-05-2023,Approved,24-12-2023,FALSE,23-11-2025,8,40
1119,856,23-06-2023,Approved,,FALSE,11-01-2026,12,40
1120,731,30-01-2024,Approved,24-02-2024,FALSE,15-08-2025,16,30
1121,474,28-03-2024,Approved,,FALSE,28-12-2024,52,30
1122,793,21-06-2023,Approved,02-04-2024,FALSE,19-12-2025,24,40
1123,684,31-03-2024,Submitted,20-03-2024,FALSE,28-05-2025,52,40
1124,695,09-04-2024,Approved,10-09-2023,TRUE,07-07-2024,12,40
1125,209,30-11-2023,Rejected,21-02-2024,FALSE,21-12-2024,4,30
1126,865,04-12-2023,Approved,08-04-2024,TRUE,09-06-2025,24,30
1127,267,11-08-2023,Approved,,FALSE,23-07-2024,24,10
1128,861,20-11-2023,Approved,21-01-2024,TRUE,10-11-2024,16,40
1129,203,12-05-2023,Submitted,,FALSE,05-12-2024,4,20
1130,507,20-04-2023,Submitted,10-04-2024,FALSE,19-10-2025,8,10
1131,553,26-09-2023,Approved,16-01-2024,TRUE,13-10-2024,52,10
1132,800,14-10-2023,Rejected,08-04-2024,FALSE,28-11-2025,52,40
1133,672,16-08-2023,Rejected,13-03-2024,TRUE,16-11-2025,24,10
1134,1021,30-01-2024,Approved,03-04-2024,FALSE,06-10-2025,12,20
1135,568,30-01-2024,Approved,,FALSE,27-09-2025,16,20
1136,465,16-02-2024,Approved,20-06-2023,TRUE,17-02-2025,16,40
1137,668,13-07-2023,Approved,,FALSE,04-01-2026,16,30
1138,1003,26-02-2024,Approved,07-01-2024,FALSE,11-07-2025,52,40
1139,46,31-01-2024,Approved,,FALSE,26-03-2025,24,20
1140,1014,22-06-2023,Approved,,FALSE,10-05-2024,24,40
1141,58,16-04-2023,Rejected,21-03-2024,FALSE,17-01-2025,16,40
1142,635,06-01-2024,Approved,09-04-2024,FALSE,16-11-2024,24,20
1143,430,20-03-2024,Rejected,27-02-2024,FALSE,30-01-2026,24,10
1144,894,22-03-2024,Submitted,01-09-2023,FALSE,12-04-2025,24,40
1145,821,03-07-2023,Approved,19-11-2023,TRUE,02-09-2025,16,40
1146,978,29-12-2023,Approved,07-09-2023,TRUE,19-07-2024,24,30
1147,469,14-05-2023,Approved,,FALSE,06-11-2024,16,10
1148,234,19-11-2023,Rejected,04-03-2024,FALSE,08-11-2025,24,10
1149,453,21-03-2024,Rejected,28-12-2023,FALSE,01-08-2024,52,30
1150,632,27-10-2023,Approved,24-10-2023,TRUE,16-06-2024,16,10
1151,584,12-08-2023,Approved,10-03-2024,TRUE,04-01-2025,4,20
1152,738,29-05-2023,Submitted,21-07-2023,FALSE,20-11-2024,52,30
1153,43,03-07-2023,Approved,10-12-2023,TRUE,25-08-2025,8,40
1154,117,07-04-2024,Approved,,FALSE,16-01-2025,16,30
1155,962,31-07-2023,Approved,23-01-2024,FALSE,22-01-2025,8,40
1156,120,07-04-2024,Approved,18-10-2023,FALSE,30-08-2025,4,40
1157,910,04-09-2023,Approved,,FALSE,20-07-2024,52,10
1158,813,03-03-2024,Rejected,16-02-2024,TRUE,11-02-2026,4,40
1159,849,05-08-2023,Approved,,FALSE,06-03-2025,8,10
1160,143,19-03-2024,Approved,09-02-2024,FALSE,06-07-2024,24,30
1161,917,24-07-2023,Approved,20-06-2023,TRUE,17-09-2025,52,40
1162,1083,13-02-2024,Approved,29-12-2023,TRUE,27-08-2025,8,40
1163,290,22-02-2024,Approved,09-01-2024,FALSE,03-07-2025,4,40
1164,831,31-03-2024,Approved,,FALSE,27-09-2025,8,40
1165,191,21-11-2023,Approved,13-10-2023,FALSE,26-12-2024,4,20
1166,141,06-07-2023,Approved,10-04-2024,FALSE,12-06-2024,8,10
1167,532,12-03-2024,Approved,13-02-2024,TRUE,26-06-2024,12,30
