interview_id,application_id,company_id,scheduled_date,format
1,4,157,10-07-2024 15:45,In-person
2,4,209,10-06-2024 09:30,Virtual
3,4,89,23-06-2024 10:30,In-person
4,4,82,22-07-2024 14:15,Virtual
5,4,504,01-08-2024 09:30,In-person
6,4,500,25-07-2024 14:30,In-person
7,4,380,22-07-2024 15:45,In-person
8,4,322,08-07-2024 09:00,Virtual
9,4,517,24-06-2024 17:45,Virtual
10,4,145,07-08-2024 09:15,In-person
11,5,345,28-12-2024 15:45,In-person
12,5,552,30-12-2024 17:45,In-person
13,5,304,25-12-2024 12:15,In-person
14,5,384,22-11-2024 16:30,Virtual
15,5,310,21-11-2024 10:00,In-person
16,5,299,30-12-2024 13:00,In-person
17,5,3,10-12-2024 13:30,Virtual
18,5,614,10-01-2025 10:30,In-person
19,5,535,27-11-2024 11:00,Virtual
20,5,313,09-01-2025 16:15,Virtual
21,7,33,20-06-2025 09:30,In-person
22,7,41,20-07-2025 08:45,Virtual
23,7,507,01-06-2025 12:00,Virtual
24,7,44,01-07-2025 14:00,Virtual
25,7,555,06-06-2025 08:30,Virtual
26,7,123,18-07-2025 08:15,Virtual
27,7,55,05-06-2025 16:15,In-person
28,7,573,27-05-2025 12:15,In-person
29,7,74,13-07-2025 16:30,Virtual
30,10,448,25-06-2024 17:00,In-person
31,16,650,26-06-2025 17:30,In-person
32,16,552,04-07-2025 15:00,In-person
33,16,210,14-06-2025 15:15,In-person
34,16,715,06-05-2025 16:15,Virtual
35,38,321,25-02-2024 13:30,Virtual
36,38,513,24-02-2024 08:00,In-person
37,38,455,12-03-2024 14:15,Virtual
38,41,77,03-05-2024 13:15,Virtual
39,44,531,12-10-2025 16:30,In-person
40,45,637,19-05-2024 11:15,In-person
41,45,465,20-04-2024 13:45,In-person
42,45,136,02-05-2024 16:00,In-person
43,45,49,10-06-2024 14:15,Virtual
44,45,376,27-05-2024 09:45,In-person
45,45,613,29-04-2024 09:15,Virtual
46,45,63,30-04-2024 15:15,Virtual
47,45,167,08-05-2024 09:45,In-person
48,45,52,17-05-2024 08:00,Virtual
49,45,484,25-04-2024 13:30,In-person
50,48,260,18-02-2025 16:30,Virtual
51,48,100,31-03-2025 12:00,Virtual
52,48,698,10-02-2025 09:45,Virtual
53,48,425,19-02-2025 12:30,Virtual
54,48,519,13-02-2025 12:45,Virtual
55,48,133,16-03-2025 12:45,Virtual
56,48,561,20-03-2025 09:15,In-person
57,51,359,10-06-2024 14:45,Virtual
58,51,596,02-05-2024 09:45,In-person
59,51,709,15-06-2024 13:30,In-person
60,51,253,20-05-2024 11:15,Virtual
61,51,71,17-05-2024 08:45,In-person
62,51,339,24-06-2024 14:45,Virtual
63,52,11,10-08-2024 13:45,In-person
64,52,224,08-09-2024 16:15,Virtual
65,52,102,18-07-2024 15:15,In-person
66,52,458,04-09-2024 17:30,In-person
67,52,533,08-08-2024 12:30,In-person
68,52,92,18-07-2024 16:15,In-person
69,56,336,28-07-2024 16:15,In-person
70,56,644,13-07-2024 14:00,In-person
71,57,356,20-10-2025 12:00,Virtual
72,57,686,11-09-2025 11:30,Virtual
73,57,177,20-09-2025 10:15,Virtual
74,57,428,14-10-2025 08:45,Virtual
75,57,685,25-09-2025 16:45,In-person
76,57,696,18-09-2025 14:00,In-person
77,57,98,29-08-2025 12:00,In-person
78,57,147,19-10-2025 17:30,In-person
79,57,110,25-09-2025 10:30,Virtual
80,57,334,11-09-2025 11:30,Virtual
81,62,399,15-10-2025 16:00,Virtual
82,62,453,11-09-2025 15:00,In-person
83,66,675,08-12-2024 12:30,Virtual
84,66,3,16-12-2024 09:15,Virtual
85,66,353,11-12-2024 08:30,Virtual
86,66,355,20-12-2024 10:30,In-person
87,66,673,28-11-2024 17:00,In-person
88,66,389,04-11-2024 13:15,Virtual
89,70,55,15-04-2025 08:15,Virtual
90,70,702,20-04-2025 16:15,In-person
91,70,415,17-03-2025 13:30,In-person
92,70,305,15-03-2025 17:30,Virtual
93,70,578,19-03-2025 16:30,In-person
94,70,679,04-03-2025 15:45,Virtual
95,70,8,24-03-2025 13:45,In-person
96,70,102,12-03-2025 14:30,In-person
97,81,181,16-02-2026 16:00,In-person
98,81,273,22-02-2026 08:30,Virtual
99,81,612,27-03-2026 16:15,Virtual
100,83,249,20-03-2024 17:45,In-person
101,83,201,10-04-2024 11:45,In-person
102,83,22,11-03-2024 08:15,Virtual
103,83,548,12-03-2024 08:45,In-person
104,85,97,07-03-2025 16:45,In-person
105,92,537,07-09-2024 12:45,Virtual
106,92,512,08-09-2024 17:30,In-person
107,92,365,03-10-2024 10:00,Virtual
108,92,107,25-08-2024 16:30,In-person
109,92,480,25-08-2024 15:30,Virtual
110,92,12,15-08-2024 15:00,In-person
111,93,444,28-08-2024 13:15,In-person
112,93,411,24-08-2024 12:00,Virtual
113,93,494,25-08-2024 10:45,Virtual
114,95,26,08-09-2024 11:00,In-person
115,95,101,07-09-2024 17:00,Virtual
116,97,487,18-02-2026 15:00,Virtual
117,107,325,13-03-2024 13:15,In-person
118,107,38,23-02-2024 16:45,In-person
119,107,141,13-03-2024 13:45,In-person
120,107,468,20-03-2024 12:15,In-person
121,107,574,06-04-2024 10:45,Virtual
122,107,656,05-04-2024 15:00,Virtual
123,107,290,09-03-2024 10:30,Virtual
124,107,103,01-04-2024 12:30,In-person
125,107,626,02-04-2024 12:00,Virtual
126,110,164,20-04-2024 11:15,Virtual
127,110,223,02-05-2024 16:30,Virtual
128,110,350,19-04-2024 15:15,In-person
129,110,443,20-04-2024 15:00,Virtual
130,110,525,24-04-2024 16:00,Virtual
131,110,544,15-06-2024 08:45,In-person
132,110,546,29-05-2024 09:15,In-person
133,110,174,08-06-2024 12:15,In-person
134,110,116,06-06-2024 08:45,In-person
135,113,440,04-11-2025 13:30,Virtual
136,113,411,13-12-2025 14:15,In-person
137,113,301,16-12-2025 17:45,In-person
138,113,188,05-11-2025 09:30,In-person
139,113,218,10-12-2025 10:30,In-person
140,113,479,17-12-2025 13:00,In-person
141,118,84,23-05-2024 15:30,Virtual
142,118,266,14-06-2024 17:45,Virtual
143,118,640,23-05-2024 11:15,In-person
144,118,202,08-06-2024 15:00,Virtual
145,118,129,17-05-2024 11:45,Virtual
146,118,319,20-05-2024 08:00,Virtual
147,118,304,28-05-2024 17:45,Virtual
148,118,405,08-06-2024 08:45,In-person
149,118,185,27-06-2024 15:15,Virtual
150,118,495,20-06-2024 11:30,In-person
151,118,308,26-06-2024 14:45,In-person
152,119,45,02-03-2025 09:15,Virtual
153,119,451,31-03-2025 11:45,In-person
154,119,384,27-02-2025 15:15,In-person
155,120,366,25-10-2025 15:30,Virtual
156,120,157,15-11-2025 08:45,In-person
157,120,380,22-10-2025 09:15,Virtual
158,120,223,19-11-2025 11:30,Virtual
159,120,509,12-10-2025 12:00,In-person
160,120,372,11-11-2025 17:30,In-person
161,120,486,04-11-2025 08:30,Virtual
162,120,482,23-10-2025 11:45,In-person
163,120,467,22-10-2025 15:15,Virtual
164,120,522,24-09-2025 12:30,Virtual
165,120,6,04-10-2025 11:00,Virtual
166,126,269,09-02-2026 16:45,In-person
167,126,358,14-02-2026 14:00,Virtual
168,127,652,29-08-2025 08:00,In-person
169,127,285,11-09-2025 08:15,Virtual
170,127,181,10-08-2025 16:00,Virtual
171,128,154,20-12-2024 16:00,In-person
172,128,17,26-01-2025 10:00,In-person
173,128,336,10-02-2025 17:30,Virtual
174,128,166,13-02-2025 11:15,In-person
175,128,645,05-01-2025 12:15,In-person
176,128,476,03-02-2025 16:45,In-person
177,128,655,25-12-2024 12:00,In-person
178,128,359,01-02-2025 10:30,In-person
179,128,307,08-01-2025 09:15,In-person
180,128,574,18-01-2025 11:45,In-person
181,128,537,27-01-2025 17:30,In-person
182,130,522,21-01-2026 08:15,In-person
183,130,682,21-01-2026 12:30,Virtual
184,130,172,25-02-2026 08:45,In-person
185,130,712,04-03-2026 12:30,Virtual
186,130,707,11-03-2026 11:45,In-person
187,130,549,01-02-2026 14:15,In-person
188,130,179,19-02-2026 08:00,In-person
189,130,446,04-02-2026 17:00,Virtual
190,132,640,30-12-2025 08:45,In-person
191,132,208,26-01-2026 13:15,In-person
192,132,192,09-01-2026 14:15,In-person
193,132,90,27-12-2025 11:30,In-person
194,134,147,15-06-2024 16:30,Virtual
195,134,680,22-07-2024 08:45,In-person
196,134,695,03-06-2024 14:45,Virtual
197,134,690,28-06-2024 08:15,Virtual
198,134,265,21-07-2024 09:45,In-person
199,134,630,23-07-2024 08:15,Virtual
200,134,630,01-07-2024 16:30,In-person
201,134,431,01-07-2024 09:45,In-person
202,134,528,03-06-2024 17:45,Virtual
203,134,215,03-07-2024 17:45,In-person
204,134,283,21-07-2024 12:30,In-person
205,136,338,03-08-2025 11:15,In-person
206,136,529,08-07-2025 17:30,In-person
207,136,144,11-08-2025 17:45,Virtual
208,136,392,29-07-2025 16:45,Virtual
209,136,239,26-07-2025 08:15,Virtual
210,136,523,19-07-2025 16:45,Virtual
211,136,649,24-06-2025 14:30,Virtual
212,136,133,05-08-2025 10:00,Virtual
213,136,593,17-07-2025 11:15,Virtual
214,136,700,23-07-2025 11:45,In-person
215,136,199,13-07-2025 08:45,Virtual
216,138,176,12-09-2024 17:15,In-person
217,138,702,10-09-2024 12:30,Virtual
218,138,410,15-10-2024 09:00,In-person
219,138,591,25-09-2024 14:45,In-person
220,139,615,03-05-2025 13:15,In-person
221,139,480,17-04-2025 17:00,In-person
222,139,537,02-04-2025 11:00,In-person
223,139,697,07-04-2025 11:15,Virtual
224,139,51,25-04-2025 11:15,Virtual
225,141,468,02-10-2025 08:15,In-person
226,141,98,21-11-2025 15:45,In-person
227,142,28,20-12-2024 17:15,Virtual
228,142,624,02-12-2024 15:15,Virtual
229,142,708,28-12-2024 17:15,Virtual
230,146,552,30-11-2024 16:15,Virtual
231,146,215,29-10-2024 17:45,In-person
232,146,688,29-11-2024 11:45,In-person
233,146,305,15-11-2024 10:45,In-person
234,146,289,10-12-2024 17:15,In-person
235,155,612,06-10-2024 17:00,Virtual
236,155,290,29-10-2024 13:00,In-person
237,155,514,17-10-2024 09:15,Virtual
238,155,404,05-10-2024 08:45,Virtual
239,155,646,23-11-2024 09:00,Virtual
240,155,174,17-10-2024 15:00,In-person
241,155,180,18-11-2024 13:15,Virtual
242,155,671,17-11-2024 13:45,In-person
243,155,691,17-11-2024 08:00,In-person
244,155,635,07-10-2024 08:30,Virtual
245,161,600,14-11-2024 11:45,Virtual
246,161,472,05-12-2024 16:45,Virtual
247,161,398,12-12-2024 10:00,Virtual
248,161,715,30-10-2024 15:45,Virtual
249,161,258,16-10-2024 09:15,In-person
250,161,325,20-11-2024 14:15,Virtual
251,161,195,30-10-2024 16:30,Virtual
252,161,364,06-11-2024 10:30,Virtual
253,164,47,11-07-2024 08:30,In-person
254,168,659,05-10-2024 12:00,In-person
255,168,186,02-11-2024 16:30,In-person
256,169,588,13-01-2026 11:00,In-person
257,169,199,24-12-2025 15:45,In-person
258,169,128,13-01-2026 12:45,Virtual
259,169,506,08-12-2025 10:00,Virtual
260,169,646,15-01-2026 08:15,Virtual
261,169,365,23-12-2025 09:30,Virtual
262,173,237,09-05-2025 17:45,Virtual
263,173,417,26-03-2025 10:45,In-person
264,173,360,05-04-2025 09:30,In-person
265,173,312,20-03-2025 17:00,In-person
266,173,72,24-04-2025 14:30,Virtual
267,173,528,05-04-2025 10:30,Virtual
268,173,176,22-04-2025 11:00,Virtual
269,182,28,12-05-2025 15:30,In-person
270,182,143,21-06-2025 11:30,Virtual
271,182,246,07-06-2025 11:00,In-person
272,182,108,27-05-2025 13:30,Virtual
273,182,55,06-07-2025 14:15,Virtual
274,182,363,29-06-2025 15:30,Virtual
275,182,289,05-07-2025 14:30,Virtual
276,182,398,28-05-2025 13:45,Virtual
277,183,252,11-01-2026 09:15,In-person
278,197,507,07-04-2025 15:45,Virtual
279,197,123,07-05-2025 09:45,Virtual
280,197,364,17-04-2025 11:30,In-person
281,197,197,23-03-2025 09:00,In-person
282,197,12,08-05-2025 15:15,Virtual
283,197,667,29-03-2025 17:15,In-person
284,215,482,14-06-2025 11:30,In-person
285,215,185,16-06-2025 17:15,In-person
286,215,103,09-06-2025 08:15,In-person
287,215,139,24-07-2025 12:30,Virtual
288,215,323,01-07-2025 09:00,Virtual
289,215,592,29-07-2025 16:30,In-person
290,215,291,14-07-2025 16:15,In-person
291,215,231,06-08-2025 10:30,In-person
292,216,140,10-01-2025 10:45,Virtual
293,219,173,12-03-2025 17:45,In-person
294,219,21,20-03-2025 17:15,Virtual
295,219,334,06-03-2025 15:45,Virtual
296,219,674,15-03-2025 08:45,In-person
297,219,686,23-04-2025 13:15,Virtual
298,219,470,25-02-2025 08:30,Virtual
299,219,518,10-04-2025 09:00,Virtual
300,219,363,19-03-2025 08:45,Virtual
301,219,555,09-04-2025 14:30,In-person
302,219,510,18-03-2025 16:15,In-person
303,219,277,29-03-2025 16:00,Virtual
304,222,85,25-09-2025 08:30,In-person
305,222,358,17-09-2025 10:30,Virtual
306,222,238,24-08-2025 16:30,Virtual
307,222,633,11-10-2025 12:15,Virtual
308,222,715,16-09-2025 16:30,In-person
309,222,115,29-08-2025 09:45,Virtual
310,222,198,23-08-2025 09:30,Virtual
311,225,487,13-08-2025 13:45,Virtual
312,225,447,29-08-2025 09:15,In-person
313,225,676,20-07-2025 14:30,Virtual
314,225,9,30-07-2025 12:15,Virtual
315,225,305,20-07-2025 17:30,In-person
316,237,102,20-08-2024 14:00,In-person
317,237,134,21-08-2024 10:30,Virtual
318,237,700,26-07-2024 16:00,In-person
319,237,528,04-08-2024 12:00,Virtual
320,237,423,22-07-2024 14:30,Virtual
321,237,331,19-08-2024 17:45,In-person
322,237,65,11-08-2024 17:30,In-person
323,237,386,25-08-2024 12:15,In-person
324,240,365,23-07-2025 15:45,In-person
325,240,466,28-06-2025 13:30,In-person
326,240,441,15-08-2025 15:00,In-person
327,240,36,15-08-2025 09:30,In-person
328,240,84,24-07-2025 14:15,Virtual
329,240,398,10-08-2025 17:30,Virtual
330,240,230,18-07-2025 08:00,Virtual
331,240,601,29-06-2025 12:00,Virtual
332,243,289,23-05-2024 15:30,Virtual
333,243,165,15-04-2024 13:15,In-person
334,243,716,16-04-2024 08:30,In-person
335,243,583,04-05-2024 11:15,Virtual
336,243,514,18-05-2024 08:00,Virtual
337,243,495,21-04-2024 17:00,Virtual
338,243,179,25-04-2024 10:30,In-person
339,243,556,24-04-2024 13:00,In-person
340,243,235,15-04-2024 16:00,Virtual
341,244,285,25-01-2025 12:15,Virtual
342,244,657,14-01-2025 14:45,In-person
343,244,599,11-02-2025 10:15,In-person
344,244,197,17-01-2025 15:15,Virtual
345,244,395,14-01-2025 12:15,In-person
346,244,474,09-02-2025 12:15,Virtual
347,252,411,15-05-2025 17:15,Virtual
348,252,315,25-05-2025 17:45,In-person
349,252,441,22-04-2025 17:15,Virtual
350,252,274,06-05-2025 12:45,Virtual
351,252,5,15-04-2025 15:00,Virtual
352,252,237,07-06-2025 16:15,Virtual
353,252,444,31-05-2025 10:15,In-person
354,252,712,22-04-2025 10:00,In-person
355,252,206,22-05-2025 16:00,In-person
356,255,86,20-06-2025 12:30,In-person
357,255,700,06-06-2025 08:45,In-person
358,255,633,20-05-2025 16:00,In-person
359,255,448,01-06-2025 09:15,In-person
360,255,534,17-06-2025 12:15,In-person
361,255,715,02-06-2025 11:30,Virtual
362,255,515,07-07-2025 12:00,In-person
363,255,639,26-05-2025 13:45,In-person
364,257,413,15-04-2025 14:45,Virtual
365,257,25,08-04-2025 08:45,Virtual
366,257,352,07-05-2025 15:00,Virtual
367,257,305,23-03-2025 08:00,In-person
368,257,559,29-03-2025 14:00,In-person
369,268,599,23-01-2026 08:15,In-person
370,268,688,01-02-2026 09:30,In-person
371,268,612,05-02-2026 16:30,Virtual
372,268,299,26-12-2025 09:00,Virtual
373,268,43,13-12-2025 10:30,In-person
374,268,123,17-01-2026 17:45,In-person
375,277,521,04-09-2025 15:45,Virtual
376,277,224,27-09-2025 17:30,Virtual
377,277,668,04-10-2025 13:30,In-person
378,277,489,05-09-2025 15:30,In-person
379,277,504,31-08-2025 15:45,In-person
380,277,486,07-10-2025 14:45,In-person
381,277,239,30-08-2025 13:30,In-person
382,277,510,29-08-2025 14:45,In-person
383,277,502,05-09-2025 14:15,Virtual
384,280,650,06-06-2025 09:30,In-person
385,280,101,08-06-2025 11:30,Virtual
386,280,472,27-04-2025 16:00,Virtual
387,280,592,17-06-2025 15:00,In-person
388,280,387,22-06-2025 15:45,In-person
389,281,235,18-04-2024 11:15,Virtual
390,281,253,25-04-2024 11:15,In-person
391,281,530,30-05-2024 08:00,Virtual
392,281,340,16-05-2024 17:00,Virtual
393,281,281,08-06-2024 09:15,Virtual
394,281,212,21-05-2024 17:00,Virtual
395,281,616,11-06-2024 17:00,In-person
396,281,291,24-04-2024 14:15,Virtual
397,281,576,25-05-2024 13:15,Virtual
398,281,421,13-05-2024 09:45,Virtual
399,283,690,01-10-2024 11:45,In-person
400,283,284,18-10-2024 13:15,Virtual
401,283,675,28-10-2024 12:30,Virtual
402,283,34,02-10-2024 14:30,In-person
403,284,329,24-06-2025 10:15,In-person
404,284,477,18-06-2025 13:00,Virtual
405,284,451,22-05-2025 10:15,In-person
406,284,30,26-05-2025 13:45,In-person
407,284,230,27-05-2025 15:45,In-person
408,284,412,11-06-2025 09:30,In-person
409,284,663,03-07-2025 15:15,In-person
410,284,141,11-06-2025 12:30,In-person
411,284,236,24-06-2025 13:30,Virtual
412,284,555,10-06-2025 17:45,In-person
413,284,317,25-05-2025 14:30,Virtual
414,289,304,26-01-2026 15:45,In-person
415,296,336,19-05-2025 15:00,In-person
416,296,25,21-04-2025 08:15,In-person
417,297,108,28-11-2025 17:00,Virtual
418,297,667,06-12-2025 08:45,Virtual
419,297,329,13-12-2025 14:45,Virtual
420,297,274,15-11-2025 09:45,In-person
421,297,493,20-12-2025 08:15,In-person
422,299,168,28-02-2026 13:00,In-person
423,299,15,10-02-2026 16:45,Virtual
424,299,359,05-02-2026 14:00,Virtual
425,299,92,18-03-2026 10:45,Virtual
426,299,215,13-03-2026 13:45,In-person
427,299,516,11-03-2026 10:00,In-person
428,299,342,04-02-2026 12:00,Virtual
429,299,625,28-03-2026 11:15,Virtual
430,299,510,18-03-2026 11:30,Virtual
431,299,247,03-03-2026 08:30,In-person
432,299,207,10-03-2026 14:00,In-person
433,302,84,09-01-2026 15:15,In-person
434,307,607,17-02-2025 17:00,In-person
435,307,123,21-03-2025 09:00,In-person
436,307,219,03-03-2025 09:30,In-person
437,307,280,08-02-2025 16:30,Virtual
438,307,341,11-03-2025 14:45,Virtual
439,307,681,16-03-2025 08:30,In-person
440,307,511,20-02-2025 11:00,In-person
441,307,568,14-03-2025 10:45,In-person
442,317,618,14-08-2024 13:00,Virtual
443,317,487,04-09-2024 17:30,In-person
444,317,122,30-09-2024 10:45,Virtual
445,317,191,22-09-2024 16:15,In-person
446,317,93,13-09-2024 09:15,In-person
447,317,648,27-09-2024 15:00,In-person
448,317,27,23-09-2024 17:00,Virtual
449,322,157,06-11-2024 16:30,In-person
450,322,558,02-10-2024 08:45,In-person
451,322,620,09-10-2024 09:45,Virtual
452,322,61,29-10-2024 15:30,In-person
453,322,47,24-11-2024 17:15,In-person
454,322,425,02-11-2024 16:00,Virtual
455,323,136,23-11-2025 11:00,In-person
456,323,128,30-11-2025 16:00,Virtual
457,323,666,18-11-2025 14:15,Virtual
458,323,350,19-12-2025 10:30,In-person
459,323,589,14-12-2025 17:45,In-person
460,323,621,13-12-2025 08:45,Virtual
461,323,556,28-11-2025 17:15,Virtual
462,323,649,05-01-2026 10:30,Virtual
463,323,183,18-12-2025 13:30,Virtual
464,327,401,04-05-2024 12:15,In-person
465,327,267,21-05-2024 14:30,In-person
466,327,382,03-05-2024 13:30,In-person
467,327,472,19-05-2024 09:00,In-person
468,327,704,29-04-2024 13:00,In-person
469,327,703,26-05-2024 15:15,Virtual
470,327,95,13-05-2024 09:15,Virtual
471,327,262,11-05-2024 16:15,In-person
472,327,287,27-04-2024 08:00,Virtual
473,327,548,05-06-2024 11:45,In-person
474,327,563,24-04-2024 11:00,In-person
475,332,467,16-06-2025 12:15,Virtual
476,332,13,16-06-2025 11:00,Virtual
477,332,479,31-05-2025 14:15,Virtual
478,332,499,29-06-2025 15:15,Virtual
479,333,450,23-06-2024 12:45,In-person
480,335,332,01-02-2026 11:00,Virtual
481,335,657,13-01-2026 11:15,Virtual
482,335,692,11-02-2026 17:00,Virtual
483,338,286,01-07-2025 10:00,Virtual
484,338,450,03-07-2025 09:00,Virtual
485,338,443,09-07-2025 12:00,In-person
486,338,346,14-07-2025 13:30,In-person
487,340,290,02-07-2024 13:45,In-person
488,340,537,23-06-2024 17:15,In-person
489,340,439,25-07-2024 15:45,In-person
490,340,168,12-06-2024 15:00,In-person
491,340,67,10-06-2024 09:15,In-person
492,353,443,18-01-2025 17:00,In-person
493,353,234,14-01-2025 15:45,Virtual
494,353,604,10-12-2024 16:15,Virtual
495,366,61,10-03-2025 10:15,In-person
496,367,645,10-10-2024 12:45,In-person
497,367,607,19-11-2024 14:30,Virtual
498,367,288,07-11-2024 16:00,Virtual
499,367,110,08-11-2024 17:00,In-person
500,367,636,17-11-2024 12:30,In-person
501,367,677,02-10-2024 16:00,Virtual
502,367,76,23-10-2024 15:45,In-person
503,367,714,12-11-2024 12:15,Virtual
504,367,355,02-10-2024 10:45,In-person
505,367,276,14-10-2024 09:30,Virtual
506,369,470,21-07-2024 08:45,Virtual
507,369,117,07-09-2024 14:30,In-person
508,369,169,10-09-2024 14:45,In-person
509,369,301,04-09-2024 11:45,Virtual
510,369,147,16-08-2024 16:30,In-person
511,369,453,11-09-2024 11:30,In-person
512,369,428,17-07-2024 13:45,Virtual
513,369,574,14-08-2024 17:15,In-person
514,369,56,22-08-2024 17:00,In-person
515,369,545,30-08-2024 17:45,In-person
516,369,39,08-08-2024 15:30,Virtual
517,371,467,05-12-2024 11:45,Virtual
518,371,496,09-12-2024 13:30,Virtual
519,371,96,15-01-2025 13:45,In-person
520,371,394,04-01-2025 11:00,Virtual
521,371,321,13-01-2025 08:15,In-person
522,371,653,31-12-2024 12:30,Virtual
523,371,215,05-12-2024 12:15,Virtual
524,371,382,05-12-2024 14:45,Virtual
525,371,68,19-12-2024 11:30,Virtual
526,371,249,07-01-2025 12:15,Virtual
527,374,576,05-03-2025 09:30,In-person
528,374,632,30-01-2025 16:45,In-person
529,374,384,09-02-2025 12:30,In-person
530,374,41,19-03-2025 09:30,Virtual
531,374,386,03-03-2025 13:45,In-person
532,374,65,02-02-2025 09:15,In-person
533,374,247,27-01-2025 17:00,In-person
534,378,501,11-09-2025 09:30,In-person
535,378,280,14-09-2025 17:00,Virtual
536,378,108,09-09-2025 10:30,In-person
537,378,545,30-09-2025 13:15,Virtual
538,378,686,25-09-2025 09:00,In-person
539,378,494,30-08-2025 17:45,In-person
540,378,715,24-08-2025 09:30,In-person
541,378,37,01-09-2025 16:30,In-person
542,378,717,03-10-2025 17:15,Virtual
543,378,664,18-10-2025 10:45,In-person
544,380,682,02-05-2024 11:15,In-person
545,380,123,27-04-2024 17:15,In-person
546,380,467,01-05-2024 15:00,Virtual
547,380,384,10-05-2024 09:15,In-person
548,381,332,27-07-2025 11:15,Virtual
549,381,581,30-07-2025 17:00,Virtual
550,381,381,20-09-2025 16:15,In-person
551,381,461,27-08-2025 09:45,Virtual
552,381,218,23-08-2025 12:15,Virtual
553,381,255,01-09-2025 13:30,Virtual
554,381,4,17-09-2025 12:30,Virtual
555,387,347,17-09-2025 10:00,Virtual
556,387,137,10-11-2025 11:15,In-person
557,387,576,30-09-2025 11:45,In-person
558,387,523,07-11-2025 12:15,Virtual
559,393,22,31-05-2024 14:00,In-person
560,393,343,20-06-2024 16:00,In-person
561,393,642,04-06-2024 13:30,In-person
562,393,646,26-06-2024 11:15,In-person
563,393,714,19-06-2024 13:45,In-person
564,394,484,26-02-2025 11:15,Virtual
565,394,462,07-02-2025 17:15,Virtual
566,394,208,02-03-2025 16:15,In-person
567,394,95,05-02-2025 13:15,Virtual
568,394,34,06-02-2025 15:45,In-person
569,415,66,05-02-2026 12:30,In-person
570,415,654,30-01-2026 08:00,Virtual
571,415,167,17-03-2026 13:30,Virtual
572,415,219,19-02-2026 14:15,In-person
573,415,232,16-03-2026 14:30,In-person
574,415,128,14-02-2026 11:30,In-person
575,415,429,07-02-2026 16:00,In-person
576,415,313,28-01-2026 11:45,In-person
577,415,85,31-01-2026 10:30,Virtual
578,415,337,15-02-2026 14:00,In-person
579,415,209,04-02-2026 13:15,Virtual
580,416,398,06-07-2024 12:30,Virtual
581,416,322,22-07-2024 08:30,Virtual
582,416,505,25-07-2024 15:30,In-person
583,416,312,04-07-2024 15:30,In-person
584,416,392,11-07-2024 08:00,In-person
585,416,135,19-08-2024 11:00,Virtual
586,420,61,03-07-2025 08:00,Virtual
587,420,644,27-07-2025 16:30,Virtual
588,420,39,01-08-2025 13:00,Virtual
589,420,20,16-07-2025 17:00,In-person
590,420,431,30-07-2025 11:00,Virtual
591,420,381,13-08-2025 09:45,In-person
592,420,180,30-06-2025 12:45,In-person
593,420,358,02-07-2025 12:00,In-person
594,420,619,23-07-2025 11:45,In-person
595,420,703,07-08-2025 10:30,In-person
596,425,435,10-05-2024 09:30,Virtual
597,425,209,25-05-2024 17:00,Virtual
598,425,634,12-04-2024 10:00,In-person
599,425,376,21-05-2024 11:30,In-person
600,425,681,10-05-2024 09:00,In-person
601,425,354,28-04-2024 09:30,In-person
602,426,471,06-09-2025 10:00,Virtual
603,426,415,12-09-2025 08:30,Virtual
604,426,58,12-08-2025 14:30,In-person
605,426,223,30-08-2025 12:30,Virtual
606,426,484,16-07-2025 11:00,Virtual
607,426,663,08-08-2025 12:15,Virtual
608,426,241,09-08-2025 17:15,In-person
609,426,587,26-08-2025 15:15,Virtual
610,426,269,25-08-2025 12:30,Virtual
611,426,541,05-08-2025 09:15,In-person
612,433,628,12-10-2025 08:00,Virtual
613,433,583,18-11-2025 17:30,In-person
614,433,9,18-11-2025 10:30,Virtual
615,433,662,11-11-2025 13:15,In-person
616,433,547,10-10-2025 14:45,Virtual
617,438,68,16-08-2025 10:45,In-person
618,438,353,10-08-2025 14:00,In-person
619,438,38,09-09-2025 12:15,In-person
620,438,30,12-09-2025 12:30,In-person
621,438,219,19-08-2025 12:00,In-person
622,438,23,23-08-2025 08:15,Virtual
623,438,238,30-07-2025 11:00,Virtual
624,438,47,07-09-2025 08:15,In-person
625,438,29,13-09-2025 12:00,In-person
626,439,64,15-03-2025 13:15,Virtual
627,439,321,15-02-2025 13:45,In-person
628,439,17,01-02-2025 14:00,Virtual
629,439,49,19-02-2025 08:45,Virtual
630,439,175,18-03-2025 14:00,Virtual
631,444,476,14-10-2025 10:00,In-person
632,444,675,07-10-2025 17:15,Virtual
633,447,363,23-10-2024 16:15,In-person
634,447,528,10-11-2024 12:00,In-person
635,447,202,04-11-2024 09:30,In-person
636,447,337,27-10-2024 13:15,Virtual
637,447,402,14-10-2024 08:45,Virtual
638,447,143,14-11-2024 13:15,In-person
639,447,59,08-11-2024 11:00,Virtual
640,447,500,06-10-2024 16:30,Virtual
641,447,204,24-09-2024 13:45,In-person
642,448,348,19-11-2024 09:00,Virtual
643,448,270,22-11-2024 08:15,In-person
644,448,607,15-11-2024 12:30,Virtual
645,448,652,16-10-2024 10:00,In-person
646,448,254,21-11-2024 16:15,Virtual
647,448,642,15-10-2024 10:30,Virtual
648,448,40,15-10-2024 08:30,Virtual
649,448,257,27-10-2024 14:45,In-person
650,448,582,07-11-2024 16:45,Virtual
651,453,436,09-11-2024 08:15,In-person
652,460,304,12-08-2025 15:15,Virtual
653,460,249,16-07-2025 16:45,Virtual
654,460,610,04-07-2025 13:00,Virtual
655,460,127,10-08-2025 16:45,Virtual
656,460,325,14-08-2025 11:45,Virtual
657,460,560,04-08-2025 16:30,In-person
658,460,563,04-08-2025 12:30,Virtual
659,460,7,05-08-2025 14:45,Virtual
660,460,462,01-08-2025 10:45,In-person
661,460,523,12-07-2025 10:45,In-person
662,465,659,06-05-2024 12:15,Virtual
663,465,79,17-05-2024 09:15,Virtual
664,465,215,30-03-2024 09:15,Virtual
665,465,426,28-04-2024 12:45,In-person
666,465,673,03-04-2024 09:15,In-person
667,465,669,13-05-2024 14:30,Virtual
668,465,103,01-05-2024 11:30,In-person
669,465,167,07-04-2024 12:30,Virtual
670,465,194,30-04-2024 13:30,Virtual
671,465,383,05-05-2024 10:45,Virtual
672,465,192,28-04-2024 08:30,In-person
673,478,536,26-11-2025 14:45,Virtual
674,478,267,20-10-2025 16:00,In-person
675,478,591,22-10-2025 08:15,Virtual
676,478,311,12-11-2025 15:00,In-person
677,478,674,25-10-2025 10:30,In-person
678,478,541,28-11-2025 16:00,Virtual
679,478,392,29-11-2025 13:15,In-person
680,478,499,03-11-2025 10:30,Virtual
681,478,25,10-10-2025 12:45,In-person
682,482,474,14-05-2024 09:00,In-person
683,482,86,21-03-2024 09:30,Virtual
684,482,415,31-03-2024 11:00,Virtual
685,485,158,21-06-2024 10:00,In-person
686,485,440,27-06-2024 08:30,Virtual
687,486,146,28-06-2025 17:15,In-person
688,486,600,31-07-2025 10:15,In-person
689,486,670,07-07-2025 09:00,Virtual
690,486,197,01-07-2025 14:15,In-person
691,486,117,30-07-2025 14:30,In-person
692,486,576,06-07-2025 15:00,Virtual
693,487,530,18-12-2024 16:30,In-person
694,487,309,17-12-2024 10:30,In-person
695,487,541,02-12-2024 12:45,In-person
696,487,331,21-11-2024 13:00,Virtual
697,489,629,26-01-2026 09:30,Virtual
698,489,606,13-01-2026 13:30,In-person
699,489,140,19-02-2026 16:30,Virtual
700,489,46,24-01-2026 12:00,Virtual
701,489,631,19-01-2026 11:00,In-person
702,489,635,31-12-2025 11:30,In-person
703,496,686,10-01-2026 15:30,Virtual
704,496,54,30-12-2025 16:45,Virtual
705,496,706,18-12-2025 13:45,Virtual
706,496,642,08-12-2025 16:30,Virtual
707,496,482,23-12-2025 17:00,In-person
708,496,357,07-12-2025 13:45,Virtual
709,496,290,16-01-2026 12:45,In-person
710,496,27,24-12-2025 12:00,Virtual
711,496,527,01-12-2025 09:15,Virtual
712,496,482,01-01-2026 16:00,Virtual
713,496,678,02-01-2026 08:00,Virtual
714,501,597,12-06-2024 15:00,In-person
715,501,516,26-06-2024 17:30,Virtual
716,501,137,06-05-2024 12:00,Virtual
717,501,211,09-05-2024 13:30,Virtual
718,501,120,11-05-2024 12:00,Virtual
719,501,24,30-05-2024 15:30,Virtual
720,501,197,03-07-2024 17:15,Virtual
721,501,131,17-05-2024 13:15,In-person
722,501,302,22-06-2024 16:00,In-person
723,501,561,28-06-2024 10:45,In-person
724,501,339,30-06-2024 15:15,Virtual
725,514,465,30-12-2025 13:45,Virtual
726,514,359,12-12-2025 12:15,Virtual
727,514,442,24-12-2025 12:00,Virtual
728,514,15,21-11-2025 08:30,In-person
729,514,338,20-12-2025 10:15,Virtual
730,514,232,06-12-2025 17:30,Virtual
731,514,494,16-11-2025 08:00,Virtual
732,514,492,23-12-2025 08:30,In-person
733,514,400,15-11-2025 12:45,Virtual
734,514,651,10-11-2025 12:15,In-person
735,515,66,29-04-2024 14:00,In-person
736,515,716,05-04-2024 08:15,In-person
737,515,195,14-04-2024 11:30,Virtual
738,515,365,29-04-2024 14:45,In-person
739,515,642,29-03-2024 11:45,Virtual
740,527,552,19-02-2026 13:15,Virtual
741,527,315,18-03-2026 08:45,In-person
742,527,155,17-03-2026 13:45,In-person
743,527,203,31-01-2026 13:00,Virtual
744,527,610,19-03-2026 11:15,In-person
745,527,16,29-01-2026 11:15,Virtual
746,527,253,14-03-2026 16:15,Virtual
747,527,241,03-03-2026 16:30,Virtual
748,527,700,26-03-2026 15:00,In-person
749,528,715,25-09-2025 17:30,Virtual
750,528,254,28-09-2025 11:00,In-person
751,528,400,26-08-2025 11:45,Virtual
752,528,156,18-09-2025 10:00,In-person
753,528,128,14-10-2025 13:15,Virtual
754,528,570,12-09-2025 08:30,Virtual
755,529,133,09-04-2025 09:15,Virtual
756,546,460,20-04-2024 10:30,In-person
757,546,239,25-04-2024 16:00,In-person
758,546,591,23-05-2024 10:00,Virtual
759,546,702,01-05-2024 13:15,In-person
760,546,113,29-04-2024 15:00,Virtual
761,546,9,30-03-2024 13:15,In-person
762,546,338,17-04-2024 16:45,Virtual
763,546,310,09-05-2024 16:30,In-person
764,546,238,03-05-2024 16:30,In-person
765,548,351,17-11-2024 10:00,Virtual
766,548,437,16-12-2024 14:00,In-person
767,548,450,06-12-2024 14:15,In-person
768,548,369,02-12-2024 14:30,Virtual
769,548,341,08-11-2024 13:30,Virtual
770,548,114,22-11-2024 15:15,In-person
771,548,605,14-11-2024 11:00,Virtual
772,548,90,31-10-2024 15:45,Virtual
773,548,63,16-11-2024 11:00,In-person
774,548,594,05-11-2024 09:00,Virtual
775,549,650,13-04-2024 09:45,Virtual
776,549,368,01-04-2024 09:15,In-person
777,549,171,03-04-2024 16:45,Virtual
778,549,78,19-04-2024 09:30,In-person
779,549,610,30-04-2024 13:00,In-person
780,564,451,29-10-2025 12:30,In-person
781,564,359,20-10-2025 15:45,Virtual
782,564,168,03-12-2025 16:30,In-person
783,564,198,12-11-2025 15:00,Virtual
784,564,579,23-10-2025 12:15,Virtual
785,564,409,28-10-2025 17:00,In-person
786,565,660,10-07-2025 09:15,Virtual
787,565,476,18-06-2025 09:30,In-person
788,565,163,11-06-2025 12:00,In-person
789,565,312,07-06-2025 09:45,Virtual
790,565,661,08-06-2025 16:45,Virtual
791,565,66,10-06-2025 16:00,Virtual
792,565,115,11-06-2025 17:45,Virtual
793,565,402,20-07-2025 15:45,Virtual
794,565,207,09-07-2025 16:30,In-person
795,565,170,14-06-2025 10:15,Virtual
796,569,269,29-06-2025 16:00,In-person
797,569,119,09-07-2025 12:00,Virtual
798,569,561,13-06-2025 17:15,Virtual
799,569,274,03-07-2025 13:00,Virtual
800,578,612,08-02-2025 09:15,In-person
801,581,648,30-01-2025 10:15,In-person
802,581,481,21-01-2025 15:00,In-person
803,581,668,05-03-2025 11:30,In-person
804,581,242,25-02-2025 10:30,In-person
805,581,343,08-03-2025 11:30,In-person
806,581,30,27-01-2025 17:00,In-person
807,581,616,05-03-2025 08:30,In-person
808,581,190,19-02-2025 10:30,In-person
809,581,497,10-03-2025 14:00,Virtual
810,581,493,05-03-2025 12:15,Virtual
811,581,119,23-02-2025 10:00,Virtual
812,583,658,21-01-2025 12:45,In-person
813,583,567,01-02-2025 12:30,Virtual
814,583,548,08-02-2025 16:45,In-person
815,583,161,18-03-2025 10:00,In-person
816,583,435,20-02-2025 14:45,Virtual
817,583,85,17-03-2025 13:00,Virtual
818,583,403,13-03-2025 15:45,Virtual
819,583,585,29-01-2025 09:00,Virtual
820,592,269,16-04-2025 08:15,In-person
821,592,603,21-05-2025 09:00,In-person
822,592,371,21-05-2025 11:45,Virtual
823,592,474,25-05-2025 12:15,In-person
824,592,197,12-05-2025 17:30,In-person
825,592,500,09-06-2025 13:15,Virtual
826,592,109,26-04-2025 16:30,In-person
827,592,395,10-05-2025 17:30,Virtual
828,592,405,09-06-2025 13:15,In-person
829,598,269,01-02-2026 09:00,Virtual
830,598,198,14-01-2026 09:15,Virtual
831,598,128,08-01-2026 15:45,In-person
832,598,178,27-12-2025 10:00,Virtual
833,598,352,16-02-2026 17:00,Virtual
834,598,407,31-01-2026 16:45,Virtual
835,598,522,06-01-2026 15:30,In-person
836,598,516,19-01-2026 10:15,Virtual
837,598,553,27-01-2026 17:30,In-person
838,598,708,19-01-2026 09:30,In-person
839,598,517,20-02-2026 15:45,In-person
840,602,193,29-05-2025 16:15,In-person
841,602,545,25-05-2025 12:00,In-person
842,602,606,26-04-2025 12:15,Virtual
843,602,511,06-05-2025 12:15,Virtual
844,602,174,03-05-2025 13:30,Virtual
845,602,232,11-05-2025 15:15,In-person
846,602,699,06-06-2025 13:45,In-person
847,602,355,15-06-2025 11:45,Virtual
848,602,77,12-06-2025 10:00,In-person
849,602,570,03-06-2025 11:45,In-person
850,602,547,04-05-2025 11:45,Virtual
851,608,540,05-10-2025 08:00,In-person
852,608,476,15-10-2025 17:15,Virtual
853,608,299,11-10-2025 11:30,In-person
854,608,641,20-09-2025 17:30,In-person
855,608,455,26-09-2025 12:30,Virtual
856,609,539,21-08-2025 08:45,Virtual
857,614,658,08-05-2025 16:15,In-person
858,614,145,12-06-2025 08:30,Virtual
859,614,114,27-05-2025 11:45,In-person
860,614,653,11-06-2025 12:45,Virtual
861,614,553,12-06-2025 17:30,Virtual
862,615,202,14-08-2024 12:15,Virtual
863,615,474,24-08-2024 08:30,Virtual
864,615,196,23-09-2024 10:45,In-person
865,615,316,02-08-2024 11:15,In-person
866,615,149,05-08-2024 16:30,Virtual
867,615,103,08-09-2024 10:45,In-person
868,624,522,18-10-2025 08:15,In-person
869,624,144,27-10-2025 11:00,Virtual
870,624,359,20-10-2025 10:00,Virtual
871,624,551,15-09-2025 15:30,In-person
872,624,491,20-09-2025 13:00,In-person
873,624,19,01-10-2025 08:15,In-person
874,624,471,17-09-2025 13:15,In-person
875,624,681,15-10-2025 15:45,In-person
876,624,23,20-10-2025 12:15,Virtual
877,624,173,23-10-2025 16:45,In-person
878,628,622,09-04-2024 10:00,In-person
879,628,576,02-05-2024 08:45,In-person
880,628,99,13-05-2024 10:00,Virtual
881,628,705,08-05-2024 17:15,Virtual
882,628,542,29-04-2024 14:15,In-person
883,628,80,30-04-2024 08:45,Virtual
884,632,50,19-02-2026 13:30,Virtual
885,632,132,02-03-2026 10:00,In-person
886,632,292,30-03-2026 09:00,In-person
887,632,57,05-02-2026 13:45,Virtual
888,632,650,05-04-2026 11:30,Virtual
889,632,110,08-03-2026 17:45,Virtual
890,632,323,25-03-2026 12:30,Virtual
891,632,410,07-03-2026 16:30,Virtual
892,632,226,01-03-2026 17:45,In-person
893,632,251,11-03-2026 10:30,In-person
894,632,195,01-04-2026 13:45,Virtual
895,633,663,29-03-2024 14:45,In-person
896,633,40,03-05-2024 12:00,Virtual
897,633,357,20-03-2024 15:15,Virtual
898,633,512,13-03-2024 16:15,Virtual
899,633,212,14-04-2024 10:15,Virtual
900,634,415,17-07-2024 10:45,Virtual
901,634,33,17-06-2024 15:15,In-person
902,634,716,05-07-2024 12:00,Virtual
903,634,522,29-05-2024 12:15,In-person
904,634,27,07-07-2024 09:30,Virtual
905,634,460,23-06-2024 14:00,In-person
906,634,490,13-07-2024 17:30,In-person
907,634,87,20-07-2024 17:30,In-person
908,634,260,23-07-2024 11:00,Virtual
909,634,705,03-07-2024 17:30,In-person
910,638,708,25-08-2024 16:30,In-person
911,638,450,27-09-2024 17:30,In-person
912,638,440,01-10-2024 11:30,In-person
913,638,518,17-10-2024 12:45,Virtual
914,638,624,10-09-2024 13:45,In-person
915,638,149,21-08-2024 15:00,In-person
916,638,397,08-09-2024 16:45,In-person
917,638,46,22-08-2024 08:30,Virtual
918,638,154,16-10-2024 15:00,Virtual
919,639,193,06-04-2025 14:15,In-person
920,639,51,11-05-2025 08:00,Virtual
921,639,397,12-04-2025 16:30,Virtual
922,639,184,11-05-2025 10:30,Virtual
923,639,137,03-04-2025 16:30,Virtual
924,639,535,02-05-2025 11:15,In-person
925,639,222,09-05-2025 17:45,Virtual
926,639,522,02-05-2025 16:45,Virtual
927,639,187,26-03-2025 16:30,In-person
928,643,576,13-01-2025 16:45,In-person
929,643,478,17-02-2025 08:30,Virtual
930,643,573,16-02-2025 14:15,In-person
931,643,321,14-02-2025 09:30,In-person
932,643,200,27-01-2025 08:45,Virtual
933,643,13,26-02-2025 17:45,Virtual
934,646,695,17-12-2024 12:00,In-person
935,646,413,30-01-2025 09:45,Virtual
936,646,258,09-01-2025 17:45,Virtual
937,646,149,29-01-2025 16:45,In-person
938,646,15,30-01-2025 08:45,In-person
939,647,379,05-01-2026 08:45,In-person
940,647,159,12-01-2026 17:15,In-person
941,647,630,03-01-2026 13:00,In-person
942,656,602,22-12-2024 08:30,Virtual
943,656,169,14-01-2025 14:30,Virtual
944,657,510,09-04-2025 13:30,In-person
945,657,487,24-03-2025 14:15,Virtual
946,657,587,20-03-2025 12:45,In-person
947,657,280,05-04-2025 11:30,In-person
948,657,6,15-04-2025 08:15,In-person
949,657,636,15-04-2025 10:30,In-person
950,657,696,05-03-2025 10:00,Virtual
951,657,60,27-02-2025 14:45,Virtual
952,657,409,24-02-2025 17:00,In-person
953,657,385,13-04-2025 13:45,In-person
954,657,703,26-02-2025 12:30,Virtual
955,659,355,03-04-2025 16:45,In-person
956,659,481,05-04-2025 11:45,Virtual
957,659,185,16-02-2025 09:15,In-person
958,659,137,01-03-2025 10:15,In-person
959,659,566,06-03-2025 13:00,In-person
960,659,102,23-02-2025 14:00,In-person
961,659,636,05-03-2025 11:45,In-person
962,659,326,14-03-2025 09:00,Virtual
963,659,127,24-02-2025 13:45,Virtual
964,659,503,09-03-2025 16:30,Virtual
965,659,373,13-03-2025 13:15,In-person
966,662,330,01-09-2024 17:15,Virtual
967,662,534,08-09-2024 16:45,In-person
968,662,271,07-09-2024 16:30,Virtual
969,662,365,15-09-2024 09:45,In-person
970,662,503,26-08-2024 14:15,In-person
971,662,235,27-08-2024 16:45,Virtual
972,662,633,24-08-2024 14:30,In-person
973,662,152,26-08-2024 12:15,Virtual
974,662,654,18-09-2024 11:30,Virtual
975,662,40,30-08-2024 15:00,Virtual
976,662,697,24-09-2024 14:45,Virtual
977,668,670,13-06-2024 17:45,Virtual
978,668,522,18-07-2024 13:30,In-person
979,668,308,17-06-2024 17:45,Virtual
980,668,10,11-06-2024 16:30,Virtual
981,668,159,05-06-2024 12:45,In-person
982,668,443,02-07-2024 15:30,Virtual
983,669,24,11-03-2025 09:30,In-person
984,669,531,12-03-2025 11:45,In-person
985,669,159,07-02-2025 11:15,In-person
986,669,601,14-02-2025 16:30,Virtual
987,669,436,30-03-2025 10:15,In-person
988,669,502,31-01-2025 17:00,Virtual
989,669,179,07-02-2025 13:45,Virtual
990,669,2,14-03-2025 17:15,In-person
991,669,593,22-02-2025 17:15,In-person
992,669,654,06-02-2025 11:00,Virtual
993,676,492,21-05-2024 17:45,Virtual
994,676,670,31-05-2024 10:45,In-person
995,676,60,02-05-2024 15:45,Virtual
996,676,698,22-05-2024 14:45,In-person
997,676,81,29-05-2024 16:00,In-person
998,676,394,08-04-2024 16:15,In-person
999,676,585,27-04-2024 12:00,Virtual
1000,676,437,02-05-2024 16:00,In-person
1001,676,342,11-04-2024 13:15,In-person
1002,676,644,16-05-2024 08:15,Virtual
1003,676,111,22-05-2024 10:00,In-person
1004,681,71,18-09-2024 12:00,Virtual
1005,681,695,30-09-2024 11:30,In-person
1006,681,308,18-09-2024 16:00,Virtual
1007,681,28,20-10-2024 16:45,In-person
1008,681,147,04-10-2024 15:00,In-person
1009,681,371,22-10-2024 12:00,Virtual
1010,681,515,15-10-2024 15:45,Virtual
1011,681,252,09-09-2024 09:00,In-person
1012,681,369,25-10-2024 16:45,Virtual
1013,686,198,16-12-2025 14:30,Virtual
1014,686,647,04-12-2025 08:45,Virtual
1015,686,419,30-12-2025 16:15,Virtual
1016,686,13,13-12-2025 10:00,Virtual
1017,686,320,24-11-2025 16:30,Virtual
1018,686,416,26-12-2025 17:30,In-person
1019,686,675,18-12-2025 13:30,Virtual
1020,686,628,07-01-2026 11:30,In-person
1021,688,267,28-02-2025 15:15,In-person
1022,688,199,08-03-2025 16:00,In-person
1023,688,69,23-03-2025 16:15,In-person
1024,688,198,04-02-2025 08:15,Virtual
1025,688,713,24-02-2025 09:15,In-person
1026,688,212,23-03-2025 12:15,Virtual
1027,688,477,28-01-2025 08:30,In-person
1028,688,645,28-01-2025 10:45,Virtual
1029,697,242,06-07-2024 16:00,Virtual
1030,697,298,01-06-2024 13:45,Virtual
1031,697,588,07-07-2024 14:15,In-person
1032,704,464,15-06-2024 10:15,Virtual
1033,704,574,29-05-2024 11:45,Virtual
1034,704,714,19-05-2024 13:00,Virtual
1035,706,665,22-08-2024 13:15,Virtual
1036,706,619,18-08-2024 17:00,In-person
1037,706,411,19-08-2024 17:30,Virtual
1038,706,567,26-09-2024 14:45,Virtual
1039,706,475,13-08-2024 15:15,Virtual
1040,706,307,27-09-2024 10:30,In-person
1041,706,498,09-09-2024 17:00,In-person
1042,706,604,10-09-2024 10:30,Virtual
1043,709,501,13-11-2025 08:30,In-person
1044,709,696,31-10-2025 17:15,Virtual
1045,709,700,25-12-2025 13:30,Virtual
1046,709,665,07-12-2025 11:15,Virtual
1047,709,372,29-10-2025 08:45,In-person
1048,709,704,16-12-2025 11:00,In-person
1049,709,706,22-11-2025 14:15,Virtual
1050,709,53,31-10-2025 12:30,In-person
1051,709,625,27-10-2025 10:45,In-person
1052,709,164,24-11-2025 12:15,Virtual
1053,709,333,09-11-2025 12:15,Virtual
1054,711,714,07-03-2026 12:30,Virtual
1055,711,375,08-02-2026 09:15,Virtual
1056,711,522,27-01-2026 17:15,Virtual
1057,711,414,07-03-2026 08:30,Virtual
1058,711,493,07-02-2026 08:30,In-person
1059,711,138,17-02-2026 10:15,Virtual
1060,711,326,01-03-2026 13:45,In-person
1061,719,571,16-12-2025 16:00,Virtual
1062,719,572,26-01-2026 10:30,In-person
1063,722,528,19-11-2024 09:30,Virtual
1064,722,372,09-12-2024 14:15,In-person
1065,722,356,16-12-2024 17:30,In-person
1066,722,23,13-12-2024 15:45,In-person
1067,722,593,13-12-2024 14:15,In-person
1068,723,356,13-04-2025 14:30,Virtual
1069,723,596,22-03-2025 14:15,Virtual
1070,723,643,06-04-2025 11:00,Virtual
1071,723,223,26-03-2025 09:00,Virtual
1072,727,197,11-02-2026 12:15,Virtual
1073,727,131,19-02-2026 12:15,Virtual
1074,727,172,17-02-2026 11:15,In-person
1075,727,232,24-01-2026 17:15,Virtual
1076,728,208,01-06-2024 12:30,In-person
1077,728,440,12-05-2024 08:45,Virtual
1078,728,701,11-06-2024 14:00,Virtual
1079,740,288,29-05-2025 10:45,Virtual
1080,740,172,13-07-2025 13:15,Virtual
1081,740,583,30-06-2025 11:00,In-person
1082,740,182,01-06-2025 08:00,Virtual
1083,744,238,14-06-2025 08:15,Virtual
1084,750,209,25-08-2025 12:15,Virtual
1085,750,111,30-08-2025 13:15,Virtual
1086,750,116,01-09-2025 13:00,In-person
1087,750,413,08-07-2025 13:15,Virtual
1088,750,289,09-08-2025 14:45,Virtual
1089,750,577,08-08-2025 13:30,In-person
1090,750,697,15-08-2025 12:00,In-person
1091,750,98,30-08-2025 16:15,Virtual
1092,750,504,15-07-2025 17:30,Virtual
1093,752,286,28-03-2025 14:00,Virtual
1094,752,261,08-03-2025 12:30,In-person
1095,752,524,02-04-2025 11:30,In-person
1096,752,665,25-03-2025 16:00,Virtual
1097,752,342,10-03-2025 12:30,In-person
1098,752,605,11-04-2025 15:00,In-person
1099,756,81,22-12-2025 17:45,In-person
1100,756,413,23-12-2025 17:15,In-person
1101,756,41,04-12-2025 14:45,In-person
1102,774,181,02-05-2025 08:00,In-person
1103,774,15,14-05-2025 14:00,Virtual
1104,774,644,18-05-2025 13:00,Virtual
1105,774,38,23-05-2025 16:45,In-person
1106,774,308,27-05-2025 11:30,In-person
1107,774,688,15-05-2025 10:30,In-person
1108,774,514,14-04-2025 10:00,In-person
1109,774,348,04-04-2025 09:30,Virtual
1110,774,589,12-04-2025 17:45,In-person
1111,774,352,04-05-2025 08:15,In-person
1112,777,593,20-12-2024 12:15,In-person
1113,778,325,30-10-2025 08:15,In-person
1114,778,600,14-10-2025 14:00,Virtual
1115,778,461,27-10-2025 13:00,Virtual
1116,778,708,28-09-2025 08:30,Virtual
1117,778,595,18-10-2025 11:00,Virtual
1118,778,297,13-09-2025 12:45,Virtual
1119,778,139,31-10-2025 17:15,Virtual
1120,779,230,04-05-2024 09:00,In-person
1121,779,312,13-05-2024 11:30,In-person
1122,779,298,24-06-2024 09:45,Virtual
1123,779,11,18-05-2024 10:15,In-person
1124,779,625,03-05-2024 12:00,Virtual
1125,779,248,14-05-2024 10:45,In-person
1126,779,119,07-06-2024 10:15,In-person
1127,779,618,12-06-2024 14:00,Virtual
1128,779,553,30-05-2024 16:15,Virtual
1129,779,441,22-05-2024 16:30,Virtual
1130,780,35,09-12-2025 13:15,In-person
1131,783,54,29-06-2025 08:30,In-person
1132,783,166,14-07-2025 13:45,In-person
1133,783,123,15-07-2025 09:00,Virtual
1134,783,98,26-06-2025 15:45,Virtual
1135,783,18,05-08-2025 15:30,Virtual
1136,783,410,17-07-2025 16:15,In-person
1137,783,225,22-08-2025 11:15,In-person
1138,783,362,06-08-2025 08:00,Virtual
1139,783,660,18-08-2025 13:00,In-person
1140,783,614,18-07-2025 09:15,Virtual
1141,783,262,13-08-2025 14:30,In-person
1142,797,390,27-02-2025 09:30,Virtual
1143,797,521,03-03-2025 14:30,Virtual
1144,797,71,15-04-2025 10:45,Virtual
1145,797,352,30-03-2025 11:15,In-person
1146,797,559,02-03-2025 17:45,Virtual
1147,797,265,10-04-2025 14:15,In-person
1148,797,515,29-03-2025 08:00,Virtual
1149,797,255,16-04-2025 08:30,In-person
1150,797,137,19-03-2025 10:00,In-person
1151,797,334,02-04-2025 10:30,In-person
1152,797,695,10-04-2025 08:45,Virtual
1153,800,581,06-11-2025 09:00,In-person
1154,800,482,10-11-2025 14:15,In-person
1155,805,229,20-03-2024 13:15,In-person
1156,805,470,25-02-2024 15:00,Virtual
1157,805,658,22-03-2024 13:30,In-person
1158,815,634,07-04-2025 14:15,Virtual
1159,815,352,05-04-2025 10:15,Virtual
1160,815,160,14-04-2025 09:15,Virtual
1161,815,33,29-03-2025 08:15,In-person
1162,815,208,17-04-2025 11:00,In-person
1163,815,699,21-03-2025 17:15,Virtual
1164,815,272,26-04-2025 08:00,In-person
1165,818,150,02-10-2025 08:00,In-person
1166,818,569,09-11-2025 10:30,Virtual
1167,818,308,20-09-2025 15:00,In-person
1168,818,706,19-10-2025 09:30,Virtual
1169,818,95,13-10-2025 08:00,In-person
1170,833,561,21-05-2025 13:30,Virtual
1171,833,215,01-06-2025 08:30,Virtual
1172,833,238,17-05-2025 16:45,Virtual
1173,833,222,19-06-2025 09:30,In-person
1174,833,468,08-06-2025 15:00,In-person
1175,833,364,22-05-2025 09:30,Virtual
1176,833,661,31-05-2025 13:00,Virtual
1177,833,108,30-06-2025 14:30,Virtual
1178,833,32,25-06-2025 08:15,Virtual
1179,833,512,11-06-2025 13:30,Virtual
1180,833,289,08-05-2025 16:00,In-person
1181,842,174,01-04-2024 11:00,Virtual
1182,842,631,18-04-2024 15:15,Virtual
1183,845,487,21-09-2024 10:15,Virtual
1184,846,274,03-10-2025 08:15,In-person
1185,846,619,23-10-2025 09:00,Virtual
1186,846,686,03-11-2025 11:00,Virtual
1187,846,179,17-10-2025 11:30,Virtual
1188,847,91,10-11-2025 10:30,In-person
1189,850,42,07-11-2025 12:15,In-person
1190,850,537,14-10-2025 17:45,Virtual
1191,850,549,16-11-2025 16:00,Virtual
1192,850,143,09-11-2025 10:45,In-person
1193,850,558,30-10-2025 14:45,Virtual
1194,850,557,15-10-2025 17:45,In-person
1195,850,534,24-10-2025 08:45,Virtual
1196,850,372,16-10-2025 08:45,Virtual
1197,850,223,23-10-2025 08:45,Virtual
1198,857,561,15-08-2024 11:00,Virtual
1199,857,487,22-08-2024 14:30,In-person
1200,857,315,09-08-2024 09:30,Virtual
1201,857,366,07-08-2024 10:15,In-person
1202,857,15,18-08-2024 17:00,In-person
1203,857,607,04-09-2024 14:30,In-person
1204,857,646,06-09-2024 14:30,In-person
1205,857,498,06-09-2024 10:00,Virtual
1206,872,238,08-08-2024 14:15,Virtual
1207,872,43,27-08-2024 12:00,In-person
1208,872,503,11-09-2024 12:15,In-person
1209,872,462,26-07-2024 12:15,In-person
1210,872,151,21-07-2024 15:45,In-person
1211,872,572,25-07-2024 11:45,In-person
1212,872,613,25-08-2024 17:45,Virtual
1213,872,337,15-08-2024 15:45,Virtual
1214,872,3,18-08-2024 15:15,In-person
1215,872,656,30-08-2024 11:45,In-person
1216,872,29,26-07-2024 16:00,In-person
1217,873,421,09-09-2025 17:45,In-person
1218,873,67,21-10-2025 16:45,In-person
1219,873,559,02-09-2025 10:00,In-person
1220,873,159,11-09-2025 10:15,Virtual
1221,873,611,11-09-2025 13:00,In-person
1222,873,568,01-09-2025 10:15,Virtual
1223,879,181,16-11-2024 08:30,Virtual
1224,879,45,01-11-2024 08:30,In-person
1225,879,274,21-09-2024 16:30,Virtual
1226,879,345,10-11-2024 15:00,Virtual
1227,879,142,14-11-2024 13:00,Virtual
1228,879,111,22-10-2024 16:15,In-person
1229,879,77,28-10-2024 14:45,In-person
1230,879,117,26-10-2024 09:00,In-person
1231,879,248,06-10-2024 10:45,Virtual
1232,879,128,13-10-2024 11:00,In-person
1233,879,499,28-09-2024 08:30,Virtual
1234,881,405,17-09-2024 12:30,Virtual
1235,885,715,23-11-2024 13:00,Virtual
1236,886,65,19-10-2024 16:45,Virtual
1237,886,155,22-10-2024 08:45,Virtual
1238,886,256,07-11-2024 14:15,In-person
1239,886,359,20-11-2024 08:30,Virtual
1240,886,229,09-12-2024 16:00,Virtual
1241,886,40,06-11-2024 17:45,Virtual
1242,887,121,06-03-2024 08:30,Virtual
1243,887,371,17-03-2024 13:30,In-person
1244,887,44,17-04-2024 10:00,Virtual
1245,887,170,06-04-2024 09:45,In-person
1246,887,465,16-04-2024 12:00,In-person
1247,887,167,27-02-2024 09:45,Virtual
1248,887,397,04-03-2024 09:15,In-person
1249,887,583,03-03-2024 10:45,In-person
1250,887,512,18-04-2024 16:15,Virtual
1251,890,234,29-11-2024 11:30,Virtual
1252,890,1,04-12-2024 16:00,In-person
1253,890,506,24-12-2024 08:30,Virtual
1254,890,531,06-12-2024 10:00,Virtual
1255,890,142,31-12-2024 10:45,Virtual
1256,890,318,19-01-2025 13:15,In-person
1257,890,653,11-01-2025 16:00,Virtual
1258,890,556,13-12-2024 09:30,In-person
1259,890,323,21-01-2025 15:30,Virtual
1260,894,233,21-09-2024 08:15,In-person
1261,894,166,20-08-2024 15:00,In-person
1262,894,469,15-09-2024 17:00,In-person
1263,894,453,05-09-2024 10:00,In-person
1264,894,388,07-10-2024 09:15,In-person
1265,894,171,27-09-2024 13:15,In-person
1266,894,53,05-09-2024 16:45,Virtual
1267,894,658,04-09-2024 16:00,Virtual
1268,894,19,22-08-2024 08:30,Virtual
1269,895,680,07-06-2025 14:45,In-person
1270,895,471,11-05-2025 14:30,In-person
1271,895,219,21-04-2025 11:00,Virtual
1272,895,97,23-05-2025 09:45,In-person
1273,895,342,19-04-2025 16:00,In-person
1274,895,293,12-05-2025 16:30,Virtual
1275,895,353,21-04-2025 08:45,Virtual
1276,895,636,27-05-2025 11:30,In-person
1277,895,44,03-05-2025 14:00,In-person
1278,895,446,11-05-2025 17:30,Virtual
1279,900,482,12-10-2024 15:30,Virtual
1280,900,409,30-09-2024 08:15,Virtual
1281,900,16,18-11-2024 08:45,In-person
1282,900,166,13-11-2024 17:30,In-person
1283,900,548,14-11-2024 14:00,Virtual
1284,901,247,24-11-2025 12:15,Virtual
1285,901,427,27-11-2025 17:30,Virtual
1286,901,454,06-12-2025 11:30,In-person
1287,901,133,10-11-2025 08:45,Virtual
1288,901,478,23-12-2025 09:45,Virtual
1289,901,408,21-12-2025 14:30,In-person
1290,901,661,22-11-2025 12:15,Virtual
1291,901,546,18-11-2025 14:45,In-person
1292,901,628,26-11-2025 10:00,In-person
1293,901,527,13-12-2025 15:15,Virtual
1294,902,208,09-06-2025 10:15,In-person
1295,902,279,15-06-2025 14:00,Virtual
1296,902,403,20-06-2025 09:30,In-person
1297,902,586,13-06-2025 14:00,In-person
1298,902,201,01-06-2025 14:45,In-person
1299,902,658,23-07-2025 10:00,Virtual
1300,907,217,28-02-2026 11:30,Virtual
1301,912,204,03-04-2025 10:30,Virtual
1302,912,375,02-05-2025 09:00,In-person
1303,912,239,07-04-2025 09:15,In-person
1304,912,65,05-05-2025 11:15,In-person
1305,912,592,06-04-2025 09:00,Virtual
1306,914,200,16-10-2025 11:00,In-person
1307,914,584,14-10-2025 12:45,In-person
1308,914,212,16-09-2025 15:45,Virtual
1309,914,266,05-10-2025 17:15,Virtual
1310,914,541,03-10-2025 15:30,Virtual
1311,914,536,31-10-2025 08:30,In-person
1312,918,217,07-06-2024 11:45,In-person
1313,918,656,17-07-2024 15:30,Virtual
1314,918,699,09-06-2024 13:45,In-person
1315,918,648,08-07-2024 11:00,Virtual
1316,918,444,11-06-2024 16:30,Virtual
1317,920,114,08-12-2025 16:00,In-person
1318,920,66,28-01-2026 13:30,In-person
1319,920,233,28-01-2026 09:45,In-person
1320,920,587,05-12-2025 15:30,Virtual
1321,920,236,23-12-2025 13:00,Virtual
1322,920,268,13-01-2026 14:00,Virtual
1323,920,654,08-01-2026 13:45,In-person
1324,920,271,28-01-2026 17:45,Virtual
1325,920,84,09-01-2026 13:00,Virtual
1326,920,656,11-12-2025 13:45,Virtual
1327,928,689,15-03-2024 08:30,In-person
1328,928,491,19-03-2024 17:30,In-person
1329,928,679,21-04-2024 10:45,Virtual
1330,933,324,25-09-2024 10:00,Virtual
1331,933,471,01-10-2024 11:00,In-person
1332,933,25,18-08-2024 09:00,Virtual
1333,933,578,30-08-2024 11:45,In-person
1334,933,679,11-10-2024 10:30,Virtual
1335,933,435,12-09-2024 14:15,In-person
1336,933,355,07-10-2024 17:30,Virtual
1337,933,622,09-09-2024 13:15,Virtual
1338,933,601,25-09-2024 10:00,In-person
1339,933,76,23-08-2024 09:45,Virtual
1340,935,315,09-03-2025 09:45,In-person
1341,935,121,10-02-2025 14:15,Virtual
1342,935,379,24-03-2025 12:30,Virtual
1343,935,592,02-02-2025 16:15,Virtual
1344,935,174,16-02-2025 08:00,In-person
1345,939,231,02-11-2024 08:30,Virtual
1346,939,414,18-10-2024 11:00,In-person
1347,939,228,29-09-2024 17:15,Virtual
1348,939,211,25-10-2024 13:15,In-person
1349,939,72,21-10-2024 13:00,In-person
1350,939,400,28-09-2024 09:30,In-person
1351,939,82,02-11-2024 14:45,In-person
1352,939,518,10-11-2024 15:30,In-person
1353,939,283,09-11-2024 13:30,Virtual
1354,943,620,01-11-2025 09:45,In-person
1355,943,178,28-10-2025 15:00,In-person
1356,943,329,15-11-2025 08:45,Virtual
1357,943,220,25-09-2025 17:15,Virtual
1358,943,133,27-10-2025 12:00,Virtual
1359,943,627,04-10-2025 17:15,In-person
1360,943,81,11-10-2025 12:30,Virtual
1361,944,562,30-12-2025 10:15,In-person
1362,944,550,29-12-2025 12:30,In-person
1363,944,168,06-01-2026 16:30,Virtual
1364,944,448,27-01-2026 17:00,Virtual
1365,944,253,07-01-2026 16:30,Virtual
1366,944,576,28-12-2025 15:30,Virtual
1367,947,471,26-07-2024 09:45,In-person
1368,947,289,03-08-2024 13:15,In-person
1369,950,353,08-10-2024 14:15,In-person
1370,950,195,16-11-2024 13:45,In-person
1371,950,684,03-10-2024 15:45,In-person
1372,950,659,02-11-2024 09:15,In-person
1373,950,374,30-09-2024 13:00,Virtual
1374,950,109,30-10-2024 15:15,Virtual
1375,950,372,11-11-2024 11:30,Virtual
1376,950,452,11-11-2024 13:00,Virtual
1377,950,685,06-11-2024 14:00,Virtual
1378,950,684,04-11-2024 17:15,In-person
1379,950,646,26-10-2024 09:15,In-person
1380,951,671,05-10-2025 11:30,Virtual
1381,951,302,09-11-2025 16:30,In-person
1382,955,129,11-05-2024 12:30,Virtual
1383,955,257,02-05-2024 15:45,In-person
1384,955,673,22-05-2024 13:30,In-person
1385,955,524,23-05-2024 16:45,Virtual
1386,955,4,06-05-2024 10:00,Virtual
1387,955,460,15-05-2024 15:00,In-person
1388,955,521,25-06-2024 15:45,Virtual
1389,955,661,12-05-2024 11:00,Virtual
1390,955,201,04-06-2024 11:15,In-person
1391,955,519,19-06-2024 14:45,In-person
1392,955,590,30-04-2024 17:45,Virtual
1393,957,631,04-06-2025 09:00,Virtual
1394,957,624,07-07-2025 09:45,Virtual
1395,957,39,21-06-2025 16:45,Virtual
1396,968,383,25-10-2025 15:30,Virtual
1397,968,168,11-12-2025 15:15,Virtual
1398,968,314,08-11-2025 08:00,In-person
1399,970,143,23-07-2025 15:00,In-person
1400,970,333,05-08-2025 09:30,In-person
1401,970,638,17-08-2025 12:00,In-person
1402,970,526,26-08-2025 15:45,In-person
1403,970,608,12-09-2025 14:00,In-person
1404,970,536,17-08-2025 08:45,Virtual
1405,970,490,26-07-2025 11:00,In-person
1406,970,537,18-09-2025 15:15,Virtual
1407,970,161,13-09-2025 15:45,Virtual
1408,970,121,08-09-2025 12:00,Virtual
1409,971,704,09-12-2025 08:30,In-person
1410,971,398,08-11-2025 12:45,Virtual
1411,971,208,26-11-2025 15:00,In-person
1412,971,168,18-12-2025 08:30,Virtual
1413,971,345,21-11-2025 10:00,In-person
1414,971,691,13-11-2025 10:45,Virtual
1415,971,143,01-01-2026 08:30,In-person
1416,971,290,12-11-2025 17:30,Virtual
1417,977,90,22-08-2024 16:45,Virtual
1418,977,260,11-09-2024 12:00,In-person
1419,977,561,29-09-2024 15:15,In-person
1420,977,708,27-08-2024 08:15,Virtual
1421,977,298,21-09-2024 13:00,In-person
1422,977,213,18-08-2024 11:15,In-person
1423,977,612,03-09-2024 16:30,Virtual
1424,977,683,05-10-2024 10:30,In-person
1425,977,609,01-10-2024 11:30,In-person
1426,977,582,16-08-2024 09:30,In-person
1427,977,375,30-08-2024 15:45,In-person
1428,982,662,08-12-2024 09:30,In-person
1429,982,150,22-12-2024 14:15,In-person
1430,982,217,25-12-2024 10:30,Virtual
1431,982,321,26-11-2024 15:45,Virtual
1432,985,220,27-07-2025 11:45,In-person
1433,985,679,24-07-2025 16:30,Virtual
1434,985,204,05-07-2025 17:30,In-person
1435,985,11,17-06-2025 11:45,Virtual
1436,985,314,26-06-2025 09:15,In-person
1437,985,370,06-08-2025 08:45,Virtual
1438,985,517,02-07-2025 08:00,In-person
1439,985,190,20-06-2025 13:00,In-person
1440,986,42,11-09-2024 14:15,Virtual
1441,988,394,07-07-2024 15:45,Virtual
1442,988,681,22-06-2024 15:45,In-person
1443,988,469,02-07-2024 15:00,In-person
1444,988,537,27-06-2024 13:45,Virtual
1445,988,421,17-06-2024 08:00,Virtual
1446,988,116,15-06-2024 11:30,Virtual
1447,988,185,11-07-2024 15:30,Virtual
1448,989,166,25-02-2026 14:45,In-person
1449,989,34,22-02-2026 15:00,In-person
1450,989,446,20-02-2026 17:45,In-person
1451,989,323,20-02-2026 17:30,Virtual
1452,989,276,14-02-2026 15:15,In-person
1453,989,178,04-04-2026 11:30,Virtual
1454,992,389,18-06-2024 14:00,Virtual
1455,992,100,18-07-2024 12:30,In-person
1456,992,431,01-06-2024 12:45,Virtual
1457,992,364,18-07-2024 17:30,In-person
1458,992,134,27-05-2024 10:30,Virtual
1459,992,533,20-07-2024 16:45,In-person
1460,993,377,03-10-2025 17:15,In-person
1461,993,504,06-10-2025 17:00,In-person
1462,993,98,30-09-2025 13:00,Virtual
1463,993,279,07-10-2025 13:30,Virtual
1464,993,321,28-09-2025 10:45,Virtual
1465,993,480,15-09-2025 12:00,Virtual
1466,993,98,05-10-2025 10:00,In-person
1467,993,381,01-10-2025 13:00,Virtual
1468,996,213,21-10-2024 16:45,In-person
1469,996,143,30-10-2024 11:30,In-person
1470,996,331,08-10-2024 08:00,In-person
1471,996,516,24-10-2024 13:45,Virtual
1472,996,498,06-10-2024 16:00,Virtual
1473,996,673,29-11-2024 15:15,Virtual
1474,996,603,15-11-2024 16:00,In-person
1475,996,291,01-11-2024 09:30,Virtual
1476,996,647,26-11-2024 16:30,Virtual
1477,999,701,09-05-2024 12:30,In-person
1478,1004,613,26-06-2024 09:30,In-person
1479,1004,396,17-05-2024 17:45,Virtual
1480,1009,182,09-01-2026 14:15,In-person
1481,1009,64,01-12-2025 14:00,In-person
1482,1015,618,01-07-2025 10:00,Virtual
1483,1015,130,09-07-2025 13:00,In-person
1484,1015,659,11-07-2025 17:15,Virtual
1485,1015,444,05-06-2025 17:15,In-person
1486,1017,270,20-11-2025 12:00,In-person
1487,1017,541,06-11-2025 08:45,In-person
1488,1017,241,12-10-2025 08:45,In-person
1489,1017,66,06-11-2025 09:00,Virtual
1490,1017,673,12-10-2025 11:00,In-person
1491,1017,24,16-11-2025 14:15,Virtual
1492,1017,261,20-10-2025 11:00,In-person
1493,1017,57,20-11-2025 17:45,In-person
1494,1017,404,11-11-2025 11:00,Virtual
1495,1017,119,05-10-2025 09:45,In-person
1496,1022,330,10-04-2025 17:15,In-person
1497,1023,704,30-10-2025 15:45,In-person
1498,1023,641,17-12-2025 12:30,Virtual
1499,1023,364,26-10-2025 13:45,In-person
1500,1023,404,26-11-2025 10:30,Virtual
1501,1023,330,15-11-2025 17:15,Virtual
1502,1023,339,19-11-2025 16:15,Virtual
1503,1023,31,24-11-2025 15:00,Virtual
1504,1023,490,24-11-2025 17:15,Virtual
1505,1023,340,06-12-2025 17:00,Virtual
1506,1025,644,27-09-2025 10:00,In-person
1507,1025,534,21-09-2025 08:30,Virtual
1508,1025,602,15-09-2025 17:00,In-person
1509,1025,430,27-10-2025 12:00,In-person
1510,1025,710,26-10-2025 17:00,In-person
1511,1025,498,28-09-2025 16:30,In-person
1512,1025,369,30-10-2025 12:00,Virtual
1513,1025,551,13-10-2025 10:15,Virtual
1514,1025,371,09-09-2025 15:30,In-person
1515,1033,547,18-03-2025 11:30,Virtual
1516,1033,508,14-04-2025 15:00,Virtual
1517,1042,299,15-07-2025 10:45,In-person
1518,1042,477,28-06-2025 15:30,In-person
1519,1042,190,25-06-2025 10:45,Virtual
1520,1046,37,04-04-2026 17:15,In-person
1521,1046,562,25-03-2026 08:15,In-person
1522,1046,113,17-03-2026 15:15,Virtual
1523,1046,618,06-02-2026 11:45,In-person
1524,1050,384,08-05-2025 16:45,Virtual
1525,1050,426,30-05-2025 16:00,In-person
1526,1051,41,18-01-2025 08:00,Virtual
1527,1051,336,06-01-2025 08:00,Virtual
1528,1051,231,24-01-2025 16:00,Virtual
1529,1051,188,18-01-2025 10:30,Virtual
1530,1051,220,17-01-2025 08:30,In-person
1531,1064,450,02-04-2025 10:30,In-person
1532,1064,295,28-03-2025 11:30,Virtual
1533,1064,564,20-04-2025 17:00,Virtual
1534,1064,61,11-03-2025 13:45,In-person
1535,1064,462,24-03-2025 08:15,Virtual
1536,1064,503,31-03-2025 09:45,Virtual
1537,1064,403,06-03-2025 16:30,Virtual
1538,1064,634,15-03-2025 14:30,Virtual
1539,1064,440,07-03-2025 12:45,In-person
1540,1069,659,07-03-2026 13:15,Virtual
1541,1069,424,08-02-2026 10:30,Virtual
1542,1069,267,27-02-2026 16:15,In-person
1543,1069,366,05-03-2026 08:30,In-person
1544,1069,6,20-03-2026 17:30,Virtual
1545,1070,146,22-09-2025 17:00,In-person
1546,1070,301,20-08-2025 13:00,Virtual
1547,1070,351,03-09-2025 14:15,Virtual
1548,1070,581,17-09-2025 11:30,In-person
1549,1070,297,22-08-2025 08:30,In-person
1550,1070,506,25-09-2025 16:00,In-person
1551,1070,624,05-10-2025 15:00,In-person
1552,1070,645,03-10-2025 11:30,In-person
1553,1070,487,18-09-2025 10:15,In-person
1554,1070,576,30-09-2025 11:30,Virtual
1555,1073,520,12-05-2024 10:15,Virtual
1556,1073,340,07-05-2024 14:45,Virtual
1557,1073,506,01-06-2024 13:45,Virtual
1558,1073,191,17-05-2024 12:30,In-person
1559,1073,640,22-04-2024 08:15,Virtual
1560,1073,321,17-05-2024 15:45,Virtual
1561,1073,627,30-05-2024 11:00,Virtual
1562,1073,466,25-05-2024 08:00,In-person
1563,1073,499,04-06-2024 13:30,Virtual
1564,1076,173,23-12-2024 08:30,Virtual
1565,1076,444,27-12-2024 09:45,In-person
1566,1076,160,14-11-2024 13:00,In-person
1567,1076,476,01-12-2024 09:00,In-person
1568,1076,659,09-12-2024 17:00,Virtual
1569,1078,502,11-06-2025 13:00,Virtual
1570,1078,580,05-06-2025 14:45,Virtual
1571,1078,264,29-05-2025 12:30,Virtual
1572,1078,488,20-05-2025 16:45,Virtual
1573,1078,589,14-05-2025 17:30,In-person
1574,1078,612,23-05-2025 15:30,In-person
1575,1078,255,13-05-2025 10:45,Virtual
1576,1078,95,22-06-2025 11:00,In-person
1577,1078,280,29-05-2025 10:30,In-person
1578,1079,377,14-04-2024 09:45,In-person
1579,1079,17,16-04-2024 09:15,Virtual
1580,1079,217,10-04-2024 17:15,Virtual
1581,1079,655,30-03-2024 15:00,Virtual
1582,1079,232,15-03-2024 08:00,In-person
1583,1080,482,13-10-2025 16:45,In-person
1584,1080,246,15-10-2025 10:30,Virtual
1585,1082,322,26-03-2024 15:30,In-person
1586,1082,175,26-02-2024 15:15,In-person
1587,1082,34,09-03-2024 17:00,In-person
1588,1082,189,30-03-2024 10:15,Virtual
1589,1086,650,04-11-2024 09:00,In-person
1590,1086,493,20-11-2024 11:15,In-person
1591,1086,338,28-11-2024 14:30,In-person
1592,1086,437,08-12-2024 17:45,Virtual
1593,1086,534,07-12-2024 10:45,Virtual
1594,1086,61,31-10-2024 08:00,In-person
1595,1086,637,22-10-2024 11:30,Virtual
1596,1086,306,14-12-2024 14:15,Virtual
1597,1089,209,25-01-2025 08:30,In-person
1598,1089,433,02-03-2025 13:45,Virtual
1599,1089,303,12-01-2025 09:15,Virtual
1600,1089,292,17-01-2025 12:45,In-person
1601,1089,168,19-02-2025 15:30,Virtual
1602,1089,586,26-01-2025 17:30,Virtual
1603,1091,80,13-04-2024 15:30,Virtual
1604,1091,107,28-03-2024 08:45,In-person
1605,1094,681,17-05-2024 17:30,Virtual
1606,1096,714,20-04-2025 10:15,Virtual
1607,1098,262,16-02-2026 08:30,In-person
1608,1098,602,05-02-2026 15:45,In-person
1609,1098,319,20-01-2026 10:00,Virtual
1610,1098,247,25-02-2026 10:15,Virtual
1611,1098,259,11-02-2026 10:00,Virtual
1612,1104,631,05-02-2026 13:00,Virtual
1613,1107,566,21-09-2024 13:00,In-person
1614,1107,183,13-10-2024 08:45,In-person
1615,1107,354,22-09-2024 17:15,Virtual
1616,1111,80,02-09-2024 12:15,In-person
1617,1111,473,07-09-2024 10:45,In-person
1618,1111,588,22-09-2024 12:45,In-person
1619,1111,23,02-08-2024 09:45,In-person
1620,1111,346,21-09-2024 10:15,In-person
1621,1111,21,14-08-2024 17:30,Virtual
1622,1111,112,24-09-2024 16:15,Virtual
1623,1113,460,17-11-2024 11:15,In-person
1624,1113,485,19-12-2024 15:30,In-person
1625,1113,160,16-12-2024 16:45,Virtual
1626,1113,183,05-12-2024 10:00,Virtual
1627,1113,326,20-12-2024 08:15,Virtual
1628,1113,548,18-11-2024 11:00,In-person
1629,1115,96,06-01-2025 13:00,In-person
1630,1115,458,29-01-2025 17:00,In-person
1631,1115,76,16-01-2025 14:45,In-person
1632,1115,179,21-12-2024 08:30,Virtual
1633,1115,116,23-12-2024 13:30,In-person
1634,1115,713,01-01-2025 09:00,In-person
1635,1115,190,28-01-2025 09:45,Virtual
1636,1115,460,16-01-2025 11:00,In-person
1637,1115,234,27-12-2024 12:15,In-person
1638,1115,467,26-12-2024 17:45,In-person
1639,1124,662,25-06-2024 16:15,In-person
1640,1124,539,17-05-2024 12:30,In-person
1641,1124,161,14-06-2024 10:00,In-person
1642,1124,354,05-06-2024 14:15,Virtual
1643,1124,679,19-06-2024 17:15,In-person
1644,1124,658,30-05-2024 09:15,In-person
1645,1124,106,05-07-2024 17:45,Virtual
1646,1124,246,02-07-2024 11:30,In-person
1647,1124,219,12-05-2024 17:00,In-person
1648,1126,282,12-05-2025 16:15,Virtual
1649,1126,476,22-04-2025 11:00,In-person
1650,1126,599,05-05-2025 16:00,In-person
1651,1126,220,17-04-2025 08:30,Virtual
1652,1126,198,19-04-2025 10:15,In-person
1653,1126,1,28-05-2025 14:15,Virtual
1654,1126,172,27-04-2025 17:15,Virtual
1655,1126,199,11-04-2025 11:00,In-person
1656,1128,214,05-10-2024 13:30,In-person
1657,1128,548,15-10-2024 17:15,In-person
1658,1128,34,13-10-2024 08:00,In-person
1659,1128,197,13-09-2024 13:15,Virtual
1660,1128,113,07-10-2024 14:30,In-person
1661,1128,86,24-10-2024 15:45,In-person
1662,1128,458,27-09-2024 14:15,In-person
1663,1128,443,31-10-2024 10:00,Virtual
1664,1131,524,25-08-2024 12:15,In-person
1665,1131,527,13-09-2024 15:15,Virtual
1666,1131,453,13-09-2024 16:30,In-person
1667,1131,349,03-10-2024 14:30,In-person
1668,1131,573,02-09-2024 12:30,In-person
1669,1131,616,23-08-2024 17:15,In-person
1670,1131,624,06-10-2024 11:30,In-person
1671,1131,43,23-08-2024 11:15,In-person
1672,1131,141,02-10-2024 14:30,Virtual
1673,1136,245,25-12-2024 13:30,In-person
1674,1136,150,05-01-2025 14:30,Virtual
1675,1136,247,02-02-2025 11:15,In-person
1676,1136,476,31-01-2025 16:00,Virtual
1677,1136,417,19-01-2025 16:45,In-person
1678,1136,359,08-02-2025 17:45,Virtual
1679,1136,671,30-01-2025 15:30,Virtual
1680,1136,176,23-01-2025 16:15,In-person
1681,1136,134,27-12-2024 12:15,Virtual
1682,1145,525,04-08-2025 15:30,In-person
1683,1145,146,26-07-2025 09:45,Virtual
1684,1145,156,14-07-2025 09:30,In-person
1685,1145,202,28-07-2025 17:30,In-person
1686,1145,241,27-08-2025 12:30,In-person
1687,1146,654,27-06-2024 13:30,In-person
1688,1146,5,24-06-2024 15:45,Virtual
1689,1146,254,12-06-2024 10:45,Virtual
1690,1146,316,23-06-2024 11:15,Virtual
1691,1146,143,20-06-2024 12:30,Virtual
1692,1146,429,10-07-2024 17:45,In-person
1693,1146,542,28-05-2024 08:00,Virtual
1694,1150,526,05-05-2024 15:45,Virtual
1695,1150,236,04-05-2024 10:00,In-person
1696,1150,618,09-06-2024 13:15,Virtual
1697,1150,206,02-06-2024 17:30,Virtual
1698,1150,697,08-06-2024 09:45,In-person
1699,1150,114,11-06-2024 13:15,Virtual
1700,1151,415,24-12-2024 08:45,Virtual
1701,1151,31,15-12-2024 10:15,Virtual
1702,1151,711,14-12-2024 09:30,In-person
1703,1151,696,31-12-2024 11:30,Virtual
1704,1151,587,11-11-2024 09:45,In-person
1705,1151,570,17-11-2024 10:15,Virtual
1706,1153,408,14-08-2025 12:30,Virtual
1707,1153,162,06-07-2025 17:30,Virtual
1708,1153,476,20-07-2025 14:45,Virtual
1709,1153,496,24-07-2025 09:45,In-person
1710,1161,285,12-08-2025 10:45,In-person
1711,1161,298,01-08-2025 14:30,In-person
1712,1162,385,19-07-2025 11:45,Virtual
1713,1162,25,21-08-2025 11:15,Virtual
1714,1162,523,27-07-2025 15:45,In-person
1715,1162,458,06-07-2025 12:15,In-person
1716,1162,188,20-08-2025 08:00,Virtual
1717,1167,614,11-05-2024 10:30,In-person
1718,1167,645,19-05-2024 16:15,Virtual
1719,1167,695,26-05-2024 12:15,In-person
1720,1167,442,14-06-2024 09:30,Virtual
1721,1167,28,31-05-2024 08:15,In-person
1722,1167,44,21-05-2024 15:15,Virtual
1723,1167,7,18-06-2024 11:30,Virtual
1724,1167,2,04-05-2024 15:30,Virtual
1725,1167,356,17-05-2024 16:45,Virtual
1726,1167,596,26-05-2024 13:00,In-person
